Date and Time of Benchmark,CPU Vendor,CPU Model Name,CPU Architecture,CPU Cores,CPU Max MHz,CPU Min MHz,L1d Cache Size,L1i Cache Size,L2 Cache Size,L3 Cache Size,Total DRAM Size,security_standard_level,n,batch_size,depth,num_threads,power_latency_analysis,runtime_analysis,flamegraph_generation,build,compiler_optimizations,cold_caching,CKKS_Add Time,CKKS_Add Energy,CKKS_Add Power,CKKS_Sub Time,CKKS_Sub Energy,CKKS_Sub Power,CKKS_MultNoRelin Time,CKKS_MultNoRelin Energy,CKKS_MultNoRelin Power,CKKS_Mult_Plaintext Time,CKKS_Mult_Plaintext Energy,CKKS_Mult_Plaintext Power,CKKS_Mult_Scalar Time,CKKS_Mult_Scalar Energy,CKKS_Mult_Scalar Power,CKKS_Rotate Time,CKKS_Rotate Energy,CKKS_Rotate Power,CKKS_ModReduce Time,CKKS_ModReduce Energy,CKKS_ModReduce Power,CKKS_LevelReduce Time,CKKS_LevelReduce Energy,CKKS_LevelReduce Power
2025-06-22 15:01:23.518,AuthenticAMD,AMD Ryzen 9 7950X 16-Core Processor,x86_64,32,5881.0000,400.0000,512 KiB (16 instances),512 KiB (16 instances),16 MiB (16 instances),64 MiB (2 instances),95659 MB,none,16,12,3,1,True,False,False,True,True,True,0.0002009133763094279,0.01618855761482675,80.57481244999167,0.0014412770083102493,0.09894736842105264,68.65256841712778,0.002138527426160338,0.13818565400843888,64.61719981611229,0.0009302499999999988,0.05088709677419362,54.70260335844524,0.0005447058212058212,0.03931392931392931,72.17460835446855,0.02772677777777778,1.6750000000000003,60.41091443890984,0.0009222352941176404,0.07235294117647051,78.45388442403416,0.0014451764705882275,0.021176470588235574,14.653207424292034
2025-06-22 15:01:49.195,AuthenticAMD,AMD Ryzen 9 7950X 16-Core Processor,x86_64,32,5881.0000,400.0000,512 KiB (16 instances),512 KiB (16 instances),16 MiB (16 instances),64 MiB (2 instances),95659 MB,none,16,12,3,1,True,False,False,False,True,True,0.0002040777733912357,0.017465455981050138,85.58235270220861,0.0013767216216216216,0.09289189189189188,67.47325707173523,0.002183195744680851,0.1327659574468085,60.81266774648134,0.0009107950819672132,0.052704918032786874,57.8669330525482,0.0005292445595854922,0.03780310880829016,71.42843157027028,0.02807694736842105,1.6752631578947366,59.66685537114171,0.0008295882352941097,0.008823529411764675,10.63603488619449,0.0008223529411764546,0.0352941176470587,42.918454935623
2025-06-22 15:02:14.571,AuthenticAMD,AMD Ryzen 9 7950X 16-Core Processor,x86_64,32,5881.0000,400.0000,512 KiB (16 instances),512 KiB (16 instances),16 MiB (16 instances),64 MiB (2 instances),95659 MB,none,16,12,3,1,True,False,False,False,True,True,0.00018726909788867565,0.01637619961612284,87.44742085454946,0.0013827829670329673,0.09208791208791207,66.59607059342422,0.0019688305785123964,0.12206611570247936,61.999298992354,0.0010799666666666662,0.06074999999999997,56.25173616469644,0.0005331576763485478,0.037697095435684655,70.70534123012507,0.02909366666666667,1.8161111111111108,62.42290227349975,0.0005555882352941272,0.03058823529411825,55.0555849655904,2.2235294117656235e-05,0.005294117647059338,238.09523809516296
2025-06-22 15:02:39.649,AuthenticAMD,AMD Ryzen 9 7950X 16-Core Processor,x86_64,32,5881.0000,400.0000,512 KiB (16 instances),512 KiB (16 instances),16 MiB (16 instances),64 MiB (2 instances),95659 MB,none,16,12,3,1,True,False,False,False,True,True,0.00020277683956574185,0.01697225572979493,83.69918263911195,0.0013607355371900826,0.09198347107438018,67.59834557148845,0.002080387234042553,0.12136170212765954,58.3361117304266,0.001055258333333333,0.059833333333333294,56.70017610221824,0.0005407372793354102,0.03835929387331257,70.93887427265571,0.028601888888888892,1.7561111111111112,61.39843133903355,0.0005747647058823441,0.0017647058823531125,3.0703101013205787,0.0002891176470588147,0.0347058823529407,120.04069175992062
2025-06-22 15:03:05.177,AuthenticAMD,AMD Ryzen 9 7950X 16-Core Processor,x86_64,32,5881.0000,400.0000,512 KiB (16 instances),512 KiB (16 instances),16 MiB (16 instances),64 MiB (2 instances),95659 MB,none,16,12,3,1,True,False,False,False,True,True,0.0002001249008723236,0.016716891356066615,83.53229050057952,0.0013635164835164837,0.09247252747252747,67.81914893617021,0.002235584745762712,0.14220338983050845,63.60903566730729,0.0010226166666666668,0.06708333333333327,65.59968707726902,0.0005350010373443983,0.03760373443983401,70.28721780893896,0.028802611111111112,1.8194444444444446,63.16942715455968,0.0005298235294117631,0.032941176470588474,62.173864771844755,0.00016364705882353225,0.05117647058823582,312.72465851904883
2025-06-22 15:03:26.612,AuthenticAMD,AMD Ryzen 9 7950X 16-Core Processor,x86_64,32,5881.0000,400.0000,512 KiB (16 instances),512 KiB (16 instances),16 MiB (16 instances),64 MiB (2 instances),95659 MB,none,16,12,3,2,True,False,False,False,True,True,0.0007442242152466367,0.04802690582959641,64.53284486810233,0.001080054393305439,0.08418410041841005,77.944315527267,0.002519092233009709,0.16189320388349512,64.26648526881118,0.0018391985815602837,0.13652482269503546,74.23060460345432,0.0006064929742388758,0.04251756440281031,70.10396856809122,0.019681730769230767,1.3926923076923077,70.76066246519127,4.8583333333331036e-05,0.027499999999999858,566.0377358490805,6.087500000000884e-05,0.06708333333333316,1101.9849418205079
2025-06-22 15:03:47.990,AuthenticAMD,AMD Ryzen 9 7950X 16-Core Processor,x86_64,32,5881.0000,400.0000,512 KiB (16 instances),512 KiB (16 instances),16 MiB (16 instances),64 MiB (2 instances),95659 MB,none,16,12,3,2,True,False,False,False,True,True,0.0007636874051593323,0.05461305007587253,71.51230949589683,0.0010341120331950205,0.08114107883817427,78.46449536756535,0.0024362918660287085,0.1730622009569378,71.03508547973722,0.0014963032258064508,0.0936774193548387,62.605906168751396,0.0005884611819235224,0.04293163383545771,72.95576183143578,0.019126555555555556,1.3425925925925926,70.1952104597641,0.00014007692307691638,0.021923076923077378,156.50741350907168,0.00047566666666667284,0.12458333333333371,261.91310441485376
2025-06-22 15:04:09.015,AuthenticAMD,AMD Ryzen 9 7950X 16-Core Processor,x86_64,32,5881.0000,400.0000,512 KiB (16 instances),512 KiB (16 instances),16 MiB (16 instances),64 MiB (2 instances),95659 MB,none,16,12,3,2,True,False,False,False,True,True,0.0007710727272727275,0.052651515151515144,68.28346184379099,0.0010264707112970712,0.0756694560669456,73.71808589777295,0.0024074714285714283,0.15895238095238096,66.02461780686713,0.0015849929078014186,0.10510638297872338,66.3134721053856,0.0005927344827586208,0.044252873563218394,74.65884784914645,0.019024962962962966,1.3877777777777782,72.94509747427358,0.00010745833333333787,0.006666666666666821,62.039550213259766,0.0006188333333333393,0.07249999999999979,117.15593859412726
2025-06-22 15:04:30.192,AuthenticAMD,AMD Ryzen 9 7950X 16-Core Processor,x86_64,32,5881.0000,400.0000,512 KiB (16 instances),512 KiB (16 instances),16 MiB (16 instances),64 MiB (2 instances),95659 MB,none,16,12,3,2,True,False,False,False,True,True,0.0007658069381598794,0.05276018099547512,68.894885076714,0.0010580643153526971,0.0796265560165975,75.25682027188927,0.002482890476190476,0.16928571428571423,68.18090282639088,0.0018944184397163121,0.13191489361702124,69.6334510113697,0.0005874741676234215,0.04375430539609644,74.47868826828743,0.019266807692307687,1.4,72.66382798635358,0.0004819166666666652,0.02833333333333332,58.793014006571134,0.0006309166666666685,0.06791666666666663,107.64760269449177
2025-06-22 15:04:51.317,AuthenticAMD,AMD Ryzen 9 7950X 16-Core Processor,x86_64,32,5881.0000,400.0000,512 KiB (16 instances),512 KiB (16 instances),16 MiB (16 instances),64 MiB (2 instances),95659 MB,none,16,12,3,2,True,False,False,False,True,True,0.0007406990881458967,0.05135258358662614,69.3298863309943,0.0010439435146443513,0.08234309623430962,78.87696516066974,0.0024358851674641155,0.16339712918660287,67.07915930072676,0.0017508661971831,0.1064788732394365,60.81496884841697,0.000570653935185185,0.04262731481481481,74.69906397996128,0.019412923076923078,1.403846153846154,72.31503201673746,4.025000000000556e-05,0.017083333333332895,424.4306418218767,0.0004793750000000041,0.05750000000000011,119.94784876140729
2025-06-22 15:05:10.257,AuthenticAMD,AMD Ryzen 9 7950X 16-Core Processor,x86_64,32,5881.0000,400.0000,512 KiB (16 instances),512 KiB (16 instances),16 MiB (16 instances),64 MiB (2 instances),95659 MB,none,16,12,3,4,True,False,False,False,True,True,0.0006685291005291005,0.047235449735449735,70.65578700772446,0.0007438801775147929,0.06375739644970416,85.70922895500367,0.002270635514018692,0.15079439252336452,66.41065533960602,0.0011228311688311686,0.08264069264069263,73.60028376013017,0.0004851364522417155,0.037485380116959066,77.26770467101957,0.015029764705882347,1.3155882352941175,87.53219102486833,0.0012796000000000057,0.17300000000000004,135.1984995311029,0.00037459999999998883,0.13600000000000012,363.0539241858093
2025-06-22 15:05:29.271,AuthenticAMD,AMD Ryzen 9 7950X 16-Core Processor,x86_64,32,5881.0000,400.0000,512 KiB (16 instances),512 KiB (16 instances),16 MiB (16 instances),64 MiB (2 instances),95659 MB,none,16,12,3,4,True,False,False,False,True,True,0.0005420098901098902,0.04109890109890109,75.82684716429891,0.0007346305637982198,0.06841246290801188,93.12498863959962,0.002362411214953271,0.1823831775700935,77.20212993219349,0.001091848484848485,0.0780519480519481,71.48606160568085,0.0004939912790697676,0.038662790697674414,78.26614018466098,0.014699205882352937,1.2311764705882353,83.75802614386934,0.00115203333333333,0.09299999999999953,80.72683082086728,0.00034006666666667323,0.02100000000000035,61.752597529895944
2025-06-22 15:05:48.411,AuthenticAMD,AMD Ryzen 9 7950X 16-Core Processor,x86_64,32,5881.0000,400.0000,512 KiB (16 instances),512 KiB (16 instances),16 MiB (16 instances),64 MiB (2 instances),95659 MB,none,16,12,3,4,True,False,False,False,True,True,0.0006333027522935778,0.04283093053735257,67.63105068189819,0.0007639850968703429,0.06839046199701937,89.51805771759186,0.002435461904761905,0.18533333333333335,76.09781658705595,0.0010960173913043482,0.0718695652173913,65.57338030180414,0.0004857771317829456,0.036501937984496115,75.14132633317509,0.014704600000000002,1.2428571428571429,84.52165600268914,0.0004781333333333318,0.0346666666666664,72.50418293363046,0.0004149999999999987,0.04366666666666674,105.22088353413706
2025-06-22 15:06:07.731,AuthenticAMD,AMD Ryzen 9 7950X 16-Core Processor,x86_64,32,5881.0000,400.0000,512 KiB (16 instances),512 KiB (16 instances),16 MiB (16 instances),64 MiB (2 instances),95659 MB,none,16,12,3,4,True,False,False,False,True,True,0.0006662960526315788,0.04817105263157896,72.29677024398435,0.0006053110047846889,0.05502392344497607,90.90190498774801,0.002338665137614679,0.16788990825688072,71.78877623673819,0.0011104761904761908,0.08099567099567095,72.93778262903471,0.0004888981748318922,0.04176753121998079,85.43196389379561,0.01483,1.2282857142857142,82.82439071380406,0.0002866666666666712,0.03799999999999981,132.55813953488098,0.0002937000000000009,0.010333333333333528,35.183293610260456
2025-06-22 15:06:26.880,AuthenticAMD,AMD Ryzen 9 7950X 16-Core Processor,x86_64,32,5881.0000,400.0000,512 KiB (16 instances),512 KiB (16 instances),16 MiB (16 instances),64 MiB (2 instances),95659 MB,none,16,12,3,4,True,False,False,False,True,True,0.0006235913272010512,0.04278580814717476,68.61193586385502,0.0007377950581395349,0.06284883720930233,85.18468172961941,0.0022283023255813953,0.1484186046511628,66.60613461076845,0.0011891471861471868,0.08831168831168829,74.26472461984828,0.0004932526416906819,0.04028818443804034,81.6785984155053,0.015221441176470587,1.2867647058823528,84.53632550059997,0.00021670000000000716,0.02499999999999991,115.36686663589795,0.00014876666666666788,0.027666666666666284,185.97356038538692
2025-06-22 15:06:45.018,AuthenticAMD,AMD Ryzen 9 7950X 16-Core Processor,x86_64,32,5881.0000,400.0000,512 KiB (16 instances),512 KiB (16 instances),16 MiB (16 instances),64 MiB (2 instances),95659 MB,none,16,12,3,8,True,False,False,False,True,True,0.0006709033112582783,0.054000000000000006,80.48849825874771,0.0007226144756277695,0.06181683899556868,85.54608450358742,0.0024011342592592595,0.18092592592592593,75.35019136403513,0.001043969565217392,0.08734782608695646,83.66893920778955,0.00045458117195004797,0.03347742555235352,73.64454935241405,0.014403888888888893,1.4205555555555556,98.62305704477954,0.0011898709677419378,0.23580645161290326,198.17817057962336,0.00023148387096773998,0.05225806451612902,225.75250836120588
2025-06-22 15:07:03.208,AuthenticAMD,AMD Ryzen 9 7950X 16-Core Processor,x86_64,32,5881.0000,400.0000,512 KiB (16 instances),512 KiB (16 instances),16 MiB (16 instances),64 MiB (2 instances),95659 MB,none,16,12,3,8,True,False,False,False,True,True,0.0006324867374005306,0.04603448275862069,72.78331708237661,0.0007276127596439168,0.06554896142433235,90.08770194795797,0.002357071428571429,0.16847619047619047,71.47691344182147,0.001184818965517242,0.08504310344827581,71.77729756473774,0.0004846209213051825,0.03907869481765835,80.63765532947173,0.014315371428571429,1.3894285714285717,97.0585065404221,0.0006668064516129057,0.0370967741935484,55.63349620240898,0.00026899999999999147,0.008709677419354467,32.37798297157897
2025-06-22 15:07:21.477,AuthenticAMD,AMD Ryzen 9 7950X 16-Core Processor,x86_64,32,5881.0000,400.0000,512 KiB (16 instances),512 KiB (16 instances),16 MiB (16 instances),64 MiB (2 instances),95659 MB,none,16,12,3,8,True,False,False,False,True,True,0.0006376883963494133,0.048031290743155146,75.32094204335655,0.0007496267806267805,0.06562678062678062,87.54593928982705,0.002485813953488372,0.18483720930232558,74.35681541771916,0.0011076157205240182,0.07449781659388643,67.2596237245903,0.0004911265700483092,0.039256038647343,79.93059435469276,0.014909083333333337,1.4458333333333335,96.97667529302605,0.00012148387096773405,0.06838709677419397,562.931492299562,0.00026254838709677264,0.06258064516129025,238.35852070279017
2025-06-22 15:07:39.662,AuthenticAMD,AMD Ryzen 9 7950X 16-Core Processor,x86_64,32,5881.0000,400.0000,512 KiB (16 instances),512 KiB (16 instances),16 MiB (16 instances),64 MiB (2 instances),95659 MB,none,16,12,3,8,True,False,False,False,True,True,0.0006142436053593179,0.04638246041412911,75.51150717636935,0.000743064139941691,0.06409620991253642,86.25932334396613,0.0023622803738317763,0.17700934579439254,74.931556709025,0.0009652813852813855,0.07653679653679657,79.2896223876581,0.0004908214971209213,0.04183301343570057,85.23060558896908,0.01516908333333333,1.5155555555555558,99.91082007079461,0.00048680645161290614,0.020967741935483453,43.072029686567035,0.00014187096774193747,0.07096774193548416,500.22737608003143
2025-06-22 15:07:57.761,AuthenticAMD,AMD Ryzen 9 7950X 16-Core Processor,x86_64,32,5881.0000,400.0000,512 KiB (16 instances),512 KiB (16 instances),16 MiB (16 instances),64 MiB (2 instances),95659 MB,none,16,12,3,8,True,False,False,False,True,True,0.0006838815789473685,0.05267105263157895,77.01779701779702,0.0007392584434654919,0.06452276064610867,87.28038376354445,0.002275241860465117,0.16776744186046513,73.73609143520646,0.0010452025862068967,0.08116379310344829,77.65364741202622,0.00048661078998073215,0.03874759152215799,79.62748118201867,0.01380465714285714,1.3465714285714285,97.54472093268733,0.00011093548387097057,0.04354838709677411,392.5559755742841,9.093548387096445e-05,0.04709677419354863,517.9141539553248
2025-06-22 15:08:15.096,AuthenticAMD,AMD Ryzen 9 7950X 16-Core Processor,x86_64,32,5881.0000,400.0000,512 KiB (16 instances),512 KiB (16 instances),16 MiB (16 instances),64 MiB (2 instances),95659 MB,none,16,12,3,16,True,False,False,False,True,True,0.0007161436170212766,0.05041223404255318,70.3940282987336,0.0007752127031019203,0.06614475627769571,85.32465478574517,0.0024071173708920188,0.17835680751173705,74.09560068341926,0.0010625173913043477,0.06286956521739129,59.17038698087806,0.0005032967992240542,0.03768186226964113,74.87006141850344,0.01445814285714286,1.3671428571428568,94.55867677136952,0.00041832258064516264,0.09967741935483909,238.27884022208528,3.070967741935354e-05,0.08258064516129027,2689.0756302522127
2025-06-22 15:08:32.560,AuthenticAMD,AMD Ryzen 9 7950X 16-Core Processor,x86_64,32,5881.0000,400.0000,512 KiB (16 instances),512 KiB (16 instances),16 MiB (16 instances),64 MiB (2 instances),95659 MB,none,16,12,3,16,True,False,False,False,True,True,0.0006930198412698415,0.0569973544973545,82.24491003448978,0.0007667796101949024,0.0691904047976012,90.23506086711691,0.0025015962441314555,0.18624413145539906,74.4501163576308,0.0011313434782608696,0.08365217391304347,73.94056316268845,0.0004932710727969349,0.041944444444444444,85.0332540414583,0.014645250000000002,1.4244444444444442,97.26323855478357,0.0005233548387096817,0.15387096774193543,294.0088757396424,0.00021616129032257098,0.040000000000000036,185.04700790927572
2025-06-22 15:08:50.080,AuthenticAMD,AMD Ryzen 9 7950X 16-Core Processor,x86_64,32,5881.0000,400.0000,512 KiB (16 instances),512 KiB (16 instances),16 MiB (16 instances),64 MiB (2 instances),95659 MB,none,16,12,3,16,True,False,False,False,True,True,0.000651518469656992,0.053759894459102904,82.51476659964241,0.0007357627365356623,0.06222707423580786,84.5749195301789,0.002350781395348837,0.17125581395348835,72.85059099596769,0.0010622294372294376,0.07385281385281384,69.52623535404989,0.0004788079150579152,0.04165057915057916,86.98807567861786,0.014754800000000002,1.4477142857142853,98.11819107777029,6.770967741934891e-05,0.03903225806451571,576.4649833254374,0.0003980322580645207,0.07322580645161292,183.9695275143832
2025-06-22 15:09:07.766,AuthenticAMD,AMD Ryzen 9 7950X 16-Core Processor,x86_64,32,5881.0000,400.0000,512 KiB (16 instances),512 KiB (16 instances),16 MiB (16 instances),64 MiB (2 instances),95659 MB,none,16,12,3,16,True,False,False,False,True,True,0.0008799874776386403,0.06266547406082287,71.21177931870065,0.0007687799113737075,0.06615952732644018,86.05782532509453,0.00225161971830986,0.16765258215962436,74.45865782587387,0.0011412654867256635,0.08137168141592921,71.29952001736935,0.0004891096153846153,0.04050961538461537,82.82318341413163,0.014964861111111116,1.5152777777777777,101.25571941678187,0.00036166666666666986,0.004666666666666597,12.903225806451307,1.3225806451619415e-06,0.08032258064516107,60731.7073170431
2025-06-22 15:09:25.519,AuthenticAMD,AMD Ryzen 9 7950X 16-Core Processor,x86_64,32,5881.0000,400.0000,512 KiB (16 instances),512 KiB (16 instances),16 MiB (16 instances),64 MiB (2 instances),95659 MB,none,16,12,3,16,True,False,False,False,True,True,0.0006513412698412699,0.054272486772486785,83.32419468171092,0.0007410294550810012,0.06505154639175256,87.7853720195803,0.002342028037383177,0.17196261682242991,73.42466190736523,0.001073320346320346,0.0798268398268398,74.3737320367674,0.00048820901246404594,0.04052732502396933,83.012242685614,0.014382250000000006,1.4122222222222225,98.19202296040062,0.0001938709677419409,0.006451612903226156,33.27787021630703,7.922580645161603e-05,0.011290322580644663,142.50814332246364
2025-06-22 15:09:43.000,AuthenticAMD,AMD Ryzen 9 7950X 16-Core Processor,x86_64,32,5881.0000,400.0000,512 KiB (16 instances),512 KiB (16 instances),16 MiB (16 instances),64 MiB (2 instances),95659 MB,none,16,12,3,32,True,False,False,False,True,True,0.0006686662354463131,0.051642949547218625,77.23277594949687,0.0007701678939617082,0.06625920471281296,86.03215640680457,0.002467608490566037,0.18047169811320754,73.1362770079502,0.0011787391304347826,0.08943478260869564,75.87326177566301,0.0004411922054915854,0.03615589016829052,81.95042822210534,0.014729305555555558,1.4963888888888885,101.59262996105643,3.85483870967776e-05,0.006451612903226156,167.36401673639594,6.129032258064132e-05,0.048387096774193505,789.4736842105751
2025-06-22 15:10:00.591,AuthenticAMD,AMD Ryzen 9 7950X 16-Core Processor,x86_64,32,5881.0000,400.0000,512 KiB (16 instances),512 KiB (16 instances),16 MiB (16 instances),64 MiB (2 instances),95659 MB,none,16,12,3,32,True,False,False,False,True,True,0.0007146936671575847,0.05075110456553756,71.01098959975437,0.0007354919236417035,0.0663582966226138,90.223011959191,0.002365576744186046,0.17241860465116277,72.88649800727096,0.001124186956521739,0.07178260869565217,63.85291012248466,0.0004891098265895955,0.037543352601156064,76.75853266521695,0.014787666666666664,1.4319444444444445,96.83369775112897,0.0004285483870967721,0.07290322580645148,170.11667293940584,0.00019564516129032955,0.11580645161290315,591.9208573783792
2025-06-22 15:10:18.893,AuthenticAMD,AMD Ryzen 9 7950X 16-Core Processor,x86_64,32,5881.0000,400.0000,512 KiB (16 instances),512 KiB (16 instances),16 MiB (16 instances),64 MiB (2 instances),95659 MB,none,16,12,3,32,True,False,False,False,True,True,0.0006645492772667542,0.049973718791064395,75.19941786198743,0.0007449458272327967,0.05961932650073207,80.0317611311365,0.0023762279069767444,0.16865116279069764,70.97432123220501,0.0011568434782608691,0.08891304347826084,76.85831761089021,0.0004827159420289854,0.04071497584541063,84.34562089305481,0.014184055555555557,1.34,94.47227520729457,4.483870967735004e-06,0.002903225806451637,647.4820143894955,0.0003703870967741926,0.06838709677419397,184.63682285316307
2025-06-22 15:10:36.530,AuthenticAMD,AMD Ryzen 9 7950X 16-Core Processor,x86_64,32,5881.0000,400.0000,512 KiB (16 instances),512 KiB (16 instances),16 MiB (16 instances),64 MiB (2 instances),95659 MB,none,16,12,3,32,True,False,False,False,True,True,0.0006475968790637191,0.04875162548764629,75.28082216537283,0.0007398466076696166,0.06436578171091448,86.99881981436,0.002315247663551402,0.17200934579439253,74.29414507238684,0.0010753073593073588,0.07917748917748918,73.63242564292504,0.00048320209723546237,0.03859866539561487,79.88099723997246,0.014282500000000004,1.4161111111111113,99.1500865472509,0.0009565483870967659,0.10516129032258092,109.93828617677931,0.0011716451612903273,0.15774193548387094,134.6328570248611
2025-06-22 15:10:54.138,AuthenticAMD,AMD Ryzen 9 7950X 16-Core Processor,x86_64,32,5881.0000,400.0000,512 KiB (16 instances),512 KiB (16 instances),16 MiB (16 instances),64 MiB (2 instances),95659 MB,none,16,12,3,32,True,False,False,False,True,True,0.0006686304635761589,0.052596026490066235,78.66232449050744,0.000769580118694362,0.06537091988130564,84.94361833594564,0.0023431581395348838,0.17437209302325585,74.41755214091894,0.0011106969696969698,0.07653679653679651,68.90880107260756,0.0004905478260869566,0.04126570048309179,84.12166620381039,0.01389268571428572,1.2948571428571427,93.20423491086775,0.0003538387096774162,0.1200000000000001,339.13756951408845,0.0012863548387096885,0.1716129032258058,133.41023647716563
2025-06-22 15:11:38.874,AuthenticAMD,AMD Ryzen 9 7950X 16-Core Processor,x86_64,32,5881.0000,400.0000,512 KiB (16 instances),512 KiB (16 instances),16 MiB (16 instances),64 MiB (2 instances),95659 MB,none,17,12,3,1,True,False,False,False,True,True,0.0005718805460750854,0.04626848691695107,80.90585915974876,0.002625079545454544,0.17465909090909093,66.53478033133199,0.004928120000000001,0.29880000000000007,60.63164046330041,0.0030291578947368447,0.21175438596491225,69.90536423764341,0.0010693124999999995,0.077125,72.12578175229415,0.05442411111111112,3.2455555555555566,59.63451656434955,0.001657624999999996,0.348749999999999,210.39137319960778,0.00017300000000000648,0.01750000000000007,101.15606936415847
2025-06-22 15:12:24.365,AuthenticAMD,AMD Ryzen 9 7950X 16-Core Processor,x86_64,32,5881.0000,400.0000,512 KiB (16 instances),512 KiB (16 instances),16 MiB (16 instances),64 MiB (2 instances),95659 MB,none,17,12,3,1,True,False,False,False,True,True,0.0005382480000000001,0.03694857142857143,68.64599855191551,0.0031051578947368427,0.21374269005847957,68.83472509425931,0.005043851485148514,0.3179207920792081,63.03135471282558,0.002432473684210526,0.1356140350877193,55.75149115404866,0.001039137214137214,0.07571725571725574,72.86550292602415,0.05542,2.759999999999998,49.80151569830383,0.0005772500000000014,0.21875,378.95192724122904,0.006513624999999995,0.45374999999999943,69.66167072866487
2025-06-22 15:13:09.365,AuthenticAMD,AMD Ryzen 9 7950X 16-Core Processor,x86_64,32,5881.0000,400.0000,512 KiB (16 instances),512 KiB (16 instances),16 MiB (16 instances),64 MiB (2 instances),95659 MB,none,17,12,3,1,True,False,False,False,True,True,0.0005308359201773836,0.041452328159645224,78.08877768820459,0.0029804117647058825,0.19323529411764706,64.83509976908046,0.004542417475728155,0.26184466019417474,57.64434061671109,0.0020364912280701752,0.07543859649122808,37.04341833218471,0.0010607142857142855,0.07361344537815129,69.39988116458709,0.05929755555555552,3.743333333333334,63.12795356001189,0.00026562499999999156,0.027499999999999858,103.52941176470864,0.001951750000000002,0.25624999999999964,131.2924298706286
2025-06-22 15:13:55.841,AuthenticAMD,AMD Ryzen 9 7950X 16-Core Processor,x86_64,32,5881.0000,400.0000,512 KiB (16 instances),512 KiB (16 instances),16 MiB (16 instances),64 MiB (2 instances),95659 MB,none,17,12,3,1,True,False,False,False,True,True,0.0006099557522123895,0.051382743362831856,84.24011606819003,0.002925022988505748,0.19339080459770125,66.11599476573522,0.00525543434343434,0.3335353535353536,63.46485023679198,0.0025351578947368433,0.15543859649122815,61.31318164203067,0.0010417572614107883,0.07134854771784233,68.48864928593763,0.05966755555555556,3.5877777777777773,60.12945803414473,0.002155499999999977,0.22750000000000092,105.54395731848915,0.0006339999999999957,0.11250000000000071,177.4447949526837
2025-06-22 15:14:41.447,AuthenticAMD,AMD Ryzen 9 7950X 16-Core Processor,x86_64,32,5881.0000,400.0000,512 KiB (16 instances),512 KiB (16 instances),16 MiB (16 instances),64 MiB (2 instances),95659 MB,none,17,12,3,1,True,False,False,False,True,True,0.0005693129943502822,0.043694915254237285,76.75025107077222,0.0029352658959537576,0.198728323699422,67.70368707426728,0.00529467,0.3517000000000001,66.42529185010589,0.0024565789473684208,0.14210526315789473,57.84681306909481,0.0010279481327800833,0.07259336099585065,70.61967299801603,0.05466700000000002,3.2477777777777757,59.410206848332166,0.005610500000000018,0.629999999999999,112.28945726762267,0.00044262500000000204,0.1487500000000015,336.0632589663955
2025-06-22 15:15:17.588,AuthenticAMD,AMD Ryzen 9 7950X 16-Core Processor,x86_64,32,5881.0000,400.0000,512 KiB (16 instances),512 KiB (16 instances),16 MiB (16 instances),64 MiB (2 instances),95659 MB,none,17,12,3,2,True,False,False,False,True,True,0.0015034604105571853,0.09850439882697948,65.51845205586328,0.002230231441048035,0.1646724890829695,73.83650237016937,0.00535813829787234,0.3455319148936171,64.48730803212456,0.002360075949367088,0.16772151898734178,71.06615320253587,0.001123801762114537,0.08541850220264316,76.0085142079866,0.04125046153846153,2.8523076923076927,69.14607948442537,0.0028608333333333402,0.3408333333333342,119.13778036702594,0.003460416666666688,0.5591666666666661,161.58940397350878
2025-06-22 15:15:54.103,AuthenticAMD,AMD Ryzen 9 7950X 16-Core Processor,x86_64,32,5881.0000,400.0000,512 KiB (16 instances),512 KiB (16 instances),16 MiB (16 instances),64 MiB (2 instances),95659 MB,none,17,12,3,2,True,False,False,False,True,True,0.0009676297709923665,0.065,67.1744524079063,0.002430480176211453,0.19273127753303965,79.29761345902536,0.005438225806451612,0.3622580645161293,66.61328113414605,0.002635000000000002,0.15772151898734177,59.856363942065144,0.0011429312638580936,0.08578713968957871,75.05887921903066,0.03875523076923078,2.753846153846154,71.05740565045312,5.441666666666789e-05,0.06750000000000078,1240.4287901990676,0.00025833333333333264,0.09166666666666679,354.83870967742075
2025-06-22 15:16:30.368,AuthenticAMD,AMD Ryzen 9 7950X 16-Core Processor,x86_64,32,5881.0000,400.0000,512 KiB (16 instances),512 KiB (16 instances),16 MiB (16 instances),64 MiB (2 instances),95659 MB,none,17,12,3,2,True,False,False,False,True,True,0.0015905545722713862,0.10548672566371683,66.32072077418687,0.0023401999999999997,0.16821739130434782,71.88163033259886,0.005916563829787235,0.4,67.60680886871872,0.0034832564102564093,0.23435897435897424,67.28157412383047,0.0011929426048565119,0.0907505518763797,76.0728567383971,0.040073692307692296,2.7723076923076926,69.18024101751007,0.0002446666666666708,0.10166666666666657,415.5313351498563,0.0010671666666666746,0.07333333333333236,68.71778853662204
2025-06-22 15:17:07.080,AuthenticAMD,AMD Ryzen 9 7950X 16-Core Processor,x86_64,32,5881.0000,400.0000,512 KiB (16 instances),512 KiB (16 instances),16 MiB (16 instances),64 MiB (2 instances),95659 MB,none,17,12,3,2,True,False,False,False,True,True,0.0015455380116959072,0.10356725146198828,67.01048481385762,0.0023886359649122803,0.1804824561403508,75.55879539265783,0.005180436170212766,0.35499999999999987,68.52704836732303,0.002446701298701299,0.17974025974025976,73.46228157710355,0.0010277272727272726,0.07035476718403544,68.45665095306413,0.038532923076923076,2.7238461538461536,70.68880158425961,0.0024198333333333155,0.09500000000000064,39.2589021282463,0.0005528333333333357,0.10666666666666735,192.94543261983762
2025-06-22 15:17:43.698,AuthenticAMD,AMD Ryzen 9 7950X 16-Core Processor,x86_64,32,5881.0000,400.0000,512 KiB (16 instances),512 KiB (16 instances),16 MiB (16 instances),64 MiB (2 instances),95659 MB,none,17,12,3,2,True,False,False,False,True,True,0.0014906117647058826,0.10358823529411768,69.49377278969551,0.002327445414847162,0.167467248908297,71.95324446278978,0.005345797872340425,0.34968085106382985,65.41228445488106,0.002869820512820514,0.2008974358974358,70.0034845384773,0.0010506696230598669,0.07483370288248337,71.22477060347957,0.03817584615384616,2.5853846153846147,67.72304679156774,0.0037392500000000273,0.24583333333333357,65.74402175124203,0.00017758333333331433,0.06166666666666565,347.25480994841246
2025-06-22 15:18:15.609,AuthenticAMD,AMD Ryzen 9 7950X 16-Core Processor,x86_64,32,5881.0000,400.0000,512 KiB (16 instances),512 KiB (16 instances),16 MiB (16 instances),64 MiB (2 instances),95659 MB,none,17,12,3,4,True,False,False,False,True,True,0.0013393629441624368,0.10337563451776652,77.1826897020896,0.0017519841772151903,0.14825949367088606,84.62376293063738,0.005775957894736842,0.4217894736842105,73.02502569635294,0.0018225275590551173,0.14566929133858264,79.92707194732591,0.000941836330935252,0.08260791366906473,87.70941506050666,0.030681235294117648,2.5305882352941182,82.47999831282199,0.003355533333333327,0.34933333333333305,104.10664971291212,0.0002745714285714296,0.10714285714285765,390.21852237252904
2025-06-22 15:18:47.675,AuthenticAMD,AMD Ryzen 9 7950X 16-Core Processor,x86_64,32,5881.0000,400.0000,512 KiB (16 instances),512 KiB (16 instances),16 MiB (16 instances),64 MiB (2 instances),95659 MB,none,17,12,3,4,True,False,False,False,True,True,0.0013163123287671234,0.10391780821917804,78.94616342043147,0.0015265369774919609,0.1340836012861736,87.83514796115034,0.0052811473684210505,0.34389473684210525,65.11742862894629,0.0021282079999999995,0.16455999999999993,77.3232691541428,0.0009111279279279279,0.07066666666666666,77.55954405587767,0.033304352941176465,2.8,84.07309413713806,0.002650866666666654,0.44200000000000017,166.7379221889705,0.000689642857142847,0.05714285714285694,82.85862247540227
2025-06-22 15:19:20.673,AuthenticAMD,AMD Ryzen 9 7950X 16-Core Processor,x86_64,32,5881.0000,400.0000,512 KiB (16 instances),512 KiB (16 instances),16 MiB (16 instances),64 MiB (2 instances),95659 MB,none,17,12,3,4,True,False,False,False,True,True,0.0015965901639344265,0.12721311475409833,79.67800229998353,0.0015727051282051286,0.11903846153846154,75.69026094186889,0.00515071875,0.3738541666666666,72.58291217447402,0.0021134426229508195,0.18057377049180334,85.44058330747754,0.0009698725314183127,0.07432675044883302,76.63558667873582,0.029615352941176468,2.458823529411765,83.02529888114474,0.0019563571428571486,0.23142857142857132,118.29566614334182,0.0003871428571428498,0.10642857142857132,274.9077490774957
2025-06-22 15:19:52.223,AuthenticAMD,AMD Ryzen 9 7950X 16-Core Processor,x86_64,32,5881.0000,400.0000,512 KiB (16 instances),512 KiB (16 instances),16 MiB (16 instances),64 MiB (2 instances),95659 MB,none,17,12,3,4,True,False,False,False,True,True,0.0013267558441558444,0.08877922077922076,66.91451269672531,0.001587623417721519,0.13246835443037974,83.43814594300453,0.005085958333333333,0.41093749999999984,80.7984401497587,0.0019199999999999998,0.1511999999999999,78.74999999999994,0.0008694492753623193,0.07994565217391306,91.9497599679957,0.0326704705882353,2.6805882352941177,82.04926917273737,0.0011652666666666783,0.0953333333333326,81.81246066708478,0.0002643571428571634,0.05714285714285694,216.15779519047152
2025-06-22 15:20:25.443,AuthenticAMD,AMD Ryzen 9 7950X 16-Core Processor,x86_64,32,5881.0000,400.0000,512 KiB (16 instances),512 KiB (16 instances),16 MiB (16 instances),64 MiB (2 instances),95659 MB,none,17,12,3,4,True,False,False,False,True,True,0.001179385572139304,0.08253731343283582,69.98331621364524,0.0015418328075709775,0.10933753943217664,70.91400500449096,0.00511016842105263,0.3415789473684211,66.84299209419406,0.0020018479999999988,0.16144000000000003,80.64548357317845,0.0008463741007194246,0.07206834532374101,85.1495163456471,0.03039211764705882,2.4829411764705887,81.69687960887694,0.00026399999999998647,0.08285714285714363,313.85281385283287,0.0008694999999999953,0.007857142857142563,9.03639201511513
2025-06-22 15:20:55.490,AuthenticAMD,AMD Ryzen 9 7950X 16-Core Processor,x86_64,32,5881.0000,400.0000,512 KiB (16 instances),512 KiB (16 instances),16 MiB (16 instances),64 MiB (2 instances),95659 MB,none,17,12,3,8,True,False,False,False,True,True,0.0013013443037974684,0.09569620253164557,73.5364209551564,0.0017216977491961412,0.1437299035369775,83.48149586887992,0.0050969895833333344,0.3577083333333332,70.18031476913451,0.0023807419354838714,0.19258064516129025,80.8910206902158,0.0008507688172043012,0.06727598566308243,79.07669428242217,0.027887470588235277,2.5858823529411774,92.72559677865043,0.0020923999999999943,0.16800000000000015,80.29057541579077,0.0006404666666666586,0.036000000000001364,56.20901426043793
2025-06-22 15:21:25.378,AuthenticAMD,AMD Ryzen 9 7950X 16-Core Processor,x86_64,32,5881.0000,400.0000,512 KiB (16 instances),512 KiB (16 instances),16 MiB (16 instances),64 MiB (2 instances),95659 MB,none,17,12,3,8,True,False,False,False,True,True,0.0008526312399355876,0.06607085346215781,77.49053795770978,0.001693993288590604,0.13365771812080537,78.90097264317268,0.0054136382978723415,0.37829787234042567,69.87867521350726,0.0019318959999999972,0.15408,79.755846070389,0.0009716353790613719,0.07841155234657038,80.70059410796489,0.029418294117647056,2.7194117647058818,92.43947843578724,0.0002724666666666653,0.02800000000000047,102.76486420357453,0.0015590666666666642,0.029333333333333655,18.814675446848778
2025-06-22 15:21:55.360,AuthenticAMD,AMD Ryzen 9 7950X 16-Core Processor,x86_64,32,5881.0000,400.0000,512 KiB (16 instances),512 KiB (16 instances),16 MiB (16 instances),64 MiB (2 instances),95659 MB,none,17,12,3,8,True,False,False,False,True,True,0.0011740345679012343,0.09367901234567902,79.79237997493082,0.0015158789808917199,0.12321656050955415,81.2839033080805,0.004893385416666665,0.3388541666666667,69.24738965227297,0.0018715161290322573,0.18999999999999995,101.52196769912268,0.0008713620071684591,0.06853046594982082,78.64752581136112,0.026643235294117648,2.422941176470588,90.94020113261284,0.0007646000000000042,0.0426666666666673,55.80259830848426,0.001299400000000006,0.13733333333333242,105.68980555127888
2025-06-22 15:22:25.581,AuthenticAMD,AMD Ryzen 9 7950X 16-Core Processor,x86_64,32,5881.0000,400.0000,512 KiB (16 instances),512 KiB (16 instances),16 MiB (16 instances),64 MiB (2 instances),95659 MB,none,17,12,3,8,True,False,False,False,True,True,0.0012670951156812343,0.09398457583547559,74.17326029620611,0.0013181276041666664,0.11864583333333337,90.01088586437916,0.004965642105263159,0.3436842105263156,69.21244085675033,0.0018835196850393691,0.14519685039370067,77.08804508229272,0.0008887302158273381,0.07224820143884891,81.2937381358093,0.029063117647058823,2.5876470588235296,89.03542593908189,0.0010997333333333387,0.17799999999999905,161.8574199805997,0.00022106666666668606,0.14733333333333398,666.4656212303425
2025-06-22 15:22:55.720,AuthenticAMD,AMD Ryzen 9 7950X 16-Core Processor,x86_64,32,5881.0000,400.0000,512 KiB (16 instances),512 KiB (16 instances),16 MiB (16 instances),64 MiB (2 instances),95659 MB,none,17,12,3,8,True,False,False,False,True,True,0.0013093631713554984,0.10079283887468032,76.9785198481916,0.0015973536977491962,0.12646302250803856,79.17033195981294,0.0055232526315789465,0.3944210526315789,71.41101067448815,0.001980543999999999,0.14671999999999996,74.08065662767403,0.000899654740608229,0.07059033989266547,78.46381140051739,0.03128661111111111,2.889444444444445,92.35402435191483,0.0007907333333333488,0.2953333333333319,373.4929601213972,0.0010538666666666668,0.06666666666666643,63.25910931174066
2025-06-22 15:23:24.847,AuthenticAMD,AMD Ryzen 9 7950X 16-Core Processor,x86_64,32,5881.0000,400.0000,512 KiB (16 instances),512 KiB (16 instances),16 MiB (16 instances),64 MiB (2 instances),95659 MB,none,17,12,3,16,True,False,False,False,True,True,0.001272892030848329,0.09131105398457587,71.73511324736701,0.0015856603174603167,0.13323809523809527,84.02688379784703,0.005441147368421054,0.40105263157894744,73.7073643523328,0.0019352647058823533,0.17970588235294116,92.858554081369,0.0009140215439856379,0.06486535008976663,70.96698159533301,0.029466000000000006,2.759411764705882,93.64731435233426,0.0014363333333333311,0.07333333333333236,51.0559294499878,0.00046946666666665415,0.2339999999999982,498.43794376598504
2025-06-22 15:23:54.059,AuthenticAMD,AMD Ryzen 9 7950X 16-Core Processor,x86_64,32,5881.0000,400.0000,512 KiB (16 instances),512 KiB (16 instances),16 MiB (16 instances),64 MiB (2 instances),95659 MB,none,17,12,3,16,True,False,False,False,True,True,0.0012813871794871792,0.0892307692307692,69.63607148502923,0.0014779651898734173,0.11566455696202532,78.25932420771805,0.0051450526315789495,0.3713684210526317,72.17971275420433,0.001869535433070866,0.15456692913385828,82.67665132185773,0.0009088028933092228,0.07321880650994575,80.56621193549924,0.029537555555555553,2.6000000000000005,88.02353312919901,0.004689800000000008,0.17400000000000126,37.101795385730945,0.0019510666666666676,0.16799999999999926,86.10674502836014
2025-06-22 15:24:23.036,AuthenticAMD,AMD Ryzen 9 7950X 16-Core Processor,x86_64,32,5881.0000,400.0000,512 KiB (16 instances),512 KiB (16 instances),16 MiB (16 instances),64 MiB (2 instances),95659 MB,none,17,12,3,16,True,False,False,False,True,True,0.001391284987277354,0.102442748091603,73.6317498056787,0.0016066923076923077,0.13487179487179488,83.94376087199375,0.005760663157894735,0.42442105263157903,73.67572812340688,0.0016275599999999984,0.08567999999999987,52.643220526432174,0.0008359263913824055,0.0666068222621185,79.68024810410411,0.027169470588235295,2.4164705882352937,88.94065787508036,0.0013375333333333211,0.04733333333333256,35.3885261426504,0.00015826666666665656,0.1273333333333344,804.5492839090725
2025-06-22 15:24:51.987,AuthenticAMD,AMD Ryzen 9 7950X 16-Core Processor,x86_64,32,5881.0000,400.0000,512 KiB (16 instances),512 KiB (16 instances),16 MiB (16 instances),64 MiB (2 instances),95659 MB,none,17,12,3,16,True,False,False,False,True,True,0.0012967672634271099,0.09956521739130433,76.77955805899383,0.001615815286624204,0.13312101910828025,82.38628524575947,0.005182453608247421,0.3819587628865979,73.70230237637709,0.0019892177419354815,0.16330645161290325,82.09581493778973,0.0008292419354838706,0.057204301075268804,68.98384973968972,0.028605999999999993,2.793333333333334,97.64851196718642,1.76000000000065e-05,0.19333333333333336,10984.84848484443,0.0024805999999999995,0.12266666666666559,49.45040178451408
2025-06-22 15:25:21.005,AuthenticAMD,AMD Ryzen 9 7950X 16-Core Processor,x86_64,32,5881.0000,400.0000,512 KiB (16 instances),512 KiB (16 instances),16 MiB (16 instances),64 MiB (2 instances),95659 MB,none,17,12,3,16,True,False,False,False,True,True,0.0009857542533081285,0.07542533081285444,76.51534909408895,0.001594699088145897,0.13534954407294836,84.87466073007838,0.005587515789473686,0.387263157894737,69.30864671994334,0.0022262016129032253,0.17774193548387085,79.84089781162037,0.0009442410071942441,0.07296762589928057,77.27648486279952,0.03088341176470588,2.752941176470589,89.1398009211113,0.0014367333333333288,0.007333333333333414,5.104171500162478,0.004510133333333333,0.41666666666666696,92.38455625849946
2025-06-22 15:25:49.559,AuthenticAMD,AMD Ryzen 9 7950X 16-Core Processor,x86_64,32,5881.0000,400.0000,512 KiB (16 instances),512 KiB (16 instances),16 MiB (16 instances),64 MiB (2 instances),95659 MB,none,17,12,3,32,True,False,False,False,True,True,0.001325331632653061,0.1079591836734694,81.45824110253501,0.0015689936305732484,0.1400636942675159,89.26976600685252,0.005307084210526315,0.36884210526315797,69.4999533890153,0.0019461190476190455,0.14015873015873015,72.01960760324789,0.0009463278985507246,0.07545289855072465,79.73229856826445,0.02728847058823529,2.4835294117647058,91.01020900876044,0.0021578666666666607,0.0600000000000005,27.805239742956314,0.0015947333333333341,0.25,156.76602148739593
2025-06-22 15:26:18.345,AuthenticAMD,AMD Ryzen 9 7950X 16-Core Processor,x86_64,32,5881.0000,400.0000,512 KiB (16 instances),512 KiB (16 instances),16 MiB (16 instances),64 MiB (2 instances),95659 MB,none,17,12,3,32,True,False,False,False,True,True,0.0012489872122762153,0.08723785166240408,69.84687337464213,0.0015288634920634925,0.1337142857142857,87.45992458346481,0.005608916666666665,0.4101041666666667,73.11646634079668,0.00226299193548387,0.1739516129032258,76.86797737793604,0.0008392632508833924,0.07268551236749116,86.60633274599331,0.03222176470588235,3.0441176470588243,94.4739580480859,0.0012503333333333255,0.11399999999999899,91.17568648360414,4.586666666665795e-05,0.10933333333333373,2383.7209302330198
2025-06-22 15:26:48.817,AuthenticAMD,AMD Ryzen 9 7950X 16-Core Processor,x86_64,32,5881.0000,400.0000,512 KiB (16 instances),512 KiB (16 instances),16 MiB (16 instances),64 MiB (2 instances),95659 MB,none,17,12,3,32,True,False,False,False,True,True,0.0011855312500000004,0.07809895833333333,65.87676059431863,0.0015930157728706626,0.14182965299684544,89.03217118890424,0.005144948453608245,0.3794845360824741,73.75866629263017,0.0019731129032258075,0.14475806451612905,73.36532252131474,0.0008938306878306878,0.07737213403880067,86.56240504181116,0.029403055555555557,2.6933333333333325,91.60045724650685,0.0012300000000000089,0.17666666666666764,143.6314363143629,0.00036546666666666117,0.026666666666665506,72.96607077708657
2025-06-22 15:27:17.885,AuthenticAMD,AMD Ryzen 9 7950X 16-Core Processor,x86_64,32,5881.0000,400.0000,512 KiB (16 instances),512 KiB (16 instances),16 MiB (16 instances),64 MiB (2 instances),95659 MB,none,17,12,3,32,True,False,False,False,True,True,0.0012420228426395941,0.10073604060913707,81.10643150092876,0.0016631322580645163,0.13170967741935483,79.19374829073007,0.005320768421052632,0.38473684210526315,72.30851103817612,0.002096161290322581,0.14459677419354833,68.98170234376198,0.0008994560143626572,0.0677737881508079,75.34975259332889,0.02974217647058823,2.683529411764705,90.22639665992241,0.0013269999999999949,0.1993333333333327,150.21351419241407,0.0010046666666666676,0.02400000000000091,23.888520238886084
2025-06-22 15:27:46.868,AuthenticAMD,AMD Ryzen 9 7950X 16-Core Processor,x86_64,32,5881.0000,400.0000,512 KiB (16 instances),512 KiB (16 instances),16 MiB (16 instances),64 MiB (2 instances),95659 MB,none,17,12,3,32,True,False,False,False,True,True,0.001379385604113111,0.1123393316195373,81.44157172915179,0.0015985636363636362,0.13745454545454544,85.98628314054663,0.0053214421052631584,0.38231578947368416,71.84439516791055,0.001790322834645669,0.15440944881889762,86.2467069239261,0.0009367881508078996,0.07454219030520648,79.57208920813123,0.03005135294117646,2.720588235294117,90.53130621504758,0.0003519333333333319,0.04866666666666575,138.28376586474508,0.0010727999999999988,0.2073333333333327,193.26373353218955
