security_standard_level,n,depth,num_threads,CKKS_Add,CKKS_Chebyshev_Series,CKKS_Mult,CKKS_Mult_Scalar,CKKS_Square,CKKS_Sub,CKKS_Sub_Scalar,CKKS_Add_count,CKKS_Chebyshev_Series_count,CKKS_Mult_count,CKKS_Mult_Scalar_count,CKKS_Square_count,CKKS_Sub_count,CKKS_Sub_Scalar_count,CKKS_Add_contribution,CKKS_Sub_contribution,CKKS_Sub_Scalar_contribution,CKKS_Mult_Scalar_contribution,CKKS_Mult_contribution,CKKS_Square_contribution,CKKS_Chebyshev_Series_contribution,estimated_Energy
none,13,10,1,0.0062560927414042,12.45,0.6793750000000001,0.013382844411437,0.663125,0.032904717853839,0.0043044747081712,3,3,3,3,3,3,3,0.43792649189829397,2.796901017576315,0.1334387159533072,0.896650575566279,78.8075,5.305,12.45,100.82741680099421
none,13,10,2,0.0180790395197598,10.805,0.556875,0.0169090077732053,0.5638709677419355,0.0263201663201663,0.0080248212031973,3,3,3,3,3,3,3,1.265532766383186,2.2372141372141354,0.24876945729911631,1.132903520804755,64.5975,4.510967741935484,10.805,84.79788762363668
none,13,10,4,0.0177534246575342,8.942,0.4684269662921348,0.0155849203264671,0.4508602150537634,0.0180715532286212,0.0080842607313195,3,3,3,3,3,3,3,1.242739726027394,1.536082024432802,0.2506120826709045,1.0441896618732958,54.33752808988764,3.606881720430107,8.942,70.96003330532216
none,13,10,8,0.0193431327514928,10.156666666666666,0.5820454545454545,0.0177712609970674,0.5463157894736842,0.0199199288256227,0.0099181188326684,3,3,3,3,3,3,3,1.354019292604496,1.6931939501779294,0.3074616838127204,1.190674486803516,67.51727272727273,4.370526315789474,10.156666666666666,86.58981512312754
none,13,10,16,0.022055283102987,10.29,0.6183870967741935,0.0200075471698113,0.6011340206185567,0.0229443207126948,0.0110922523961661,3,3,3,3,3,3,3,1.54386981720909,1.950267260579058,0.3438598242811491,1.340505660377357,71.73290322580644,4.809072164948454,10.29,92.01047795320153
none,13,10,32,0.0223619909502262,10.248333333333337,0.6252747252747252,0.0201944768572539,0.587216494845361,0.022666072224699,0.0109826707441386,3,3,3,3,3,3,3,1.5653393665158342,1.9266161390994152,0.3404627930682966,1.3530299494360112,72.53186813186812,4.697731958762888,10.248333333333337,92.6633816720839
none,13,12,1,0.0068857053877296,16.14,0.7984615384615384,0.0156054771074026,0.8010256410256411,0.0391877058177826,0.004913606911447,3,3,3,3,3,3,3,0.481999377141072,3.3309549945115213,0.15232181425485702,1.0455669661959741,92.62153846153846,6.408205128205129,16.14,120.18058674184701
none,13,12,2,0.0209982068141063,13.4,0.7036000000000001,0.0203448275862069,0.6575471698113207,0.0307416666666666,0.009440353460972,3,3,3,3,3,3,3,1.469874476987441,2.613041666666661,0.292650957290132,1.3631034482758622,81.61760000000001,5.260377358490565,13.4,106.01664790771068
none,13,12,4,0.0203836048344718,11.1475,0.5914285714285714,0.0195192307692307,0.5613888888888889,0.0221685393258426,0.0090925883167859,3,3,3,3,3,3,3,1.426852338413026,1.884325842696621,0.2818702378203629,1.3077884615384567,68.60571428571428,4.4911111111111115,11.1475,89.14516227729385
none,13,12,8,0.0243290734824281,12.166,0.6705128205128206,0.0206621961441743,0.6516049382716049,0.0260837696335078,0.0119542090656799,3,3,3,3,3,3,3,1.7030351437699671,2.2171204188481632,0.3705804810360769,1.3843671416596781,77.77948717948719,5.212839506172839,12.166,100.83342987097392
none,13,12,16,0.0282247557003257,12.4,0.7743243243243243,0.0229044117647058,0.7566233766233765,0.0281852048962213,0.0128769701246765,3,3,3,3,3,3,3,1.9757328990227991,2.3957424161788103,0.3991860738649715,1.5345955882352886,89.82162162162162,6.052987012987012,12.4,114.5798656119105
none,13,12,32,0.0279028815368196,12.731999999999998,0.7768918918918919,0.0234662828947368,0.7453846153846154,0.028513731825525,0.0129033771106941,3,3,3,3,3,3,3,1.953201707577372,2.423667205169625,0.4000046904315171,1.5722409539473656,90.11945945945946,5.963076923076923,12.731999999999998,115.16365093966226
none,13,14,1,0.0077891280554542,19.83,0.9311764705882352,0.0186016096579476,0.9535294117647056,0.0439900867410161,0.0052711761121267,3,3,3,3,3,3,3,0.5452389638817939,3.7391573729863685,0.1634064594759277,1.2463078470824893,108.01647058823528,7.628235294117645,19.83,141.1688165257795
none,13,14,2,0.0233588317107093,16.986666666666665,0.7799999999999999,0.0222146401985111,0.7354166666666666,0.0382233009708737,0.0115939597315436,3,3,3,3,3,3,3,1.635118219749651,3.248980582524265,0.3594127516778516,1.4883808933002438,90.47999999999999,5.883333333333333,16.986666666666665,120.081892447252
none,13,14,4,0.0268823895457374,13.446666666666664,0.6533846153846155,0.0214250493096646,0.6361194029850747,0.0291430371770636,0.0114508456659619,3,3,3,3,3,3,3,1.881767268201618,2.477158160050406,0.3549762156448189,1.4354783037475283,75.79261538461539,5.088955223880598,13.446666666666664,100.47761722280703
none,13,14,8,0.0286039360393604,14.7,0.6937500000000001,0.022632566870014,0.6767105263157895,0.0313128834355828,0.0129667721518987,3,3,3,3,3,3,3,2.002275522755228,2.661595092024538,0.4019699367088597,1.5163819802909382,80.47500000000001,5.413684210526316,14.7,107.17090674230589
none,13,14,16,0.0334790755777638,15.8975,0.8155714285714286,0.0258842592592592,0.8198571428571431,0.0345802005012531,0.0152043895747599,3,3,3,3,3,3,3,2.343535290443466,2.9393170426065134,0.4713360768175569,1.7342453703703664,94.60628571428572,6.5588571428571445,15.8975,124.55107663738076
none,13,14,32,0.0341587901701323,15.5225,0.8361428571428571,0.0263441860465116,0.780958904109589,0.0347479775980087,0.0155034815211569,3,3,3,3,3,3,3,2.3911153119092607,2.953578095830739,0.4806079271558639,1.7650604651162771,96.99257142857142,6.247671232876712,15.5225,126.35310446146028
none,13,16,1,0.0084229680549939,24.385,1.1172413793103446,0.0194901315789473,1.0753333333333333,0.0517423133235724,0.0056879768481978,3,3,3,3,3,3,3,0.5896077638495729,4.398096632503655,0.1763272822941318,1.3058388157894691,129.59999999999997,8.602666666666666,24.385,169.05753716110345
none,13,16,2,0.0281083202511773,19.62,0.91525,0.0263114186851211,0.8526190476190476,0.0452921348314606,0.01174159069475,3,3,3,3,3,3,3,1.967582417582411,3.849831460674151,0.36398931153725,1.7628650519031135,106.169,6.820952380952381,19.62,140.5542206226493
none,13,16,4,0.0265172413793103,15.910000000000002,0.7578181818181817,0.0246219442865264,0.705,0.0315011727912431,0.0119675036927621,3,3,3,3,3,3,3,1.8562068965517209,2.6775996872556633,0.3709926144756251,1.6496702671972687,87.90690909090908,5.64,15.910000000000002,116.01137855638936
none,13,16,8,0.0303138075313807,16.585,0.8031746031746031,0.0249739583333333,0.7613636363636365,0.03366391184573,0.0145398412231696,3,3,3,3,3,3,3,2.121966527196649,2.86143250688705,0.4507350779182576,1.673255208333331,93.16825396825396,6.090909090909092,16.585,122.95155237949834
none,13,16,16,0.0383854907539118,18.2475,1.0,0.0301430842607313,0.9404761904761904,0.0379659815733522,0.0174393203883495,3,3,3,3,3,3,3,2.686984352773826,3.227108433734937,0.5406189320388345,2.0195866454689972,116.0,7.523809523809523,18.2475,150.2456078878261
none,13,16,32,0.0408890577507598,18.5475,1.0573214285714283,0.0309658792650918,0.9791379310344828,0.0408564988730277,0.0176288343558282,3,3,3,3,3,3,3,2.8622340425531863,3.4728024042073544,0.5464938650306742,2.0747139107611505,122.64928571428568,7.833103448275862,18.5475,157.98613338511393
none,13,18,1,0.009766439909297,27.205,1.216666666666667,0.0217827997489014,1.1959259259259258,0.0610999999999999,0.0065544003514423,3,3,3,3,3,3,3,0.6836507936507901,5.193499999999991,0.2031864108947113,1.4594475831763938,141.13333333333338,9.567407407407407,27.205,185.44552552846267
none,13,18,2,0.0322182786157941,21.56,1.0002702702702702,0.0284787644787644,0.949736842105263,0.0493954659949622,0.0130951538733639,3,3,3,3,3,3,3,2.255279503105587,4.198614609571787,0.4059497700742809,1.9080772200772147,116.03135135135133,7.597894736842104,21.56,153.9571671910223
none,13,18,4,0.0314570063694267,18.840000000000003,0.8588235294117648,0.0267748215444516,0.7801923076923077,0.0373449781659388,0.0132347074468085,3,3,3,3,3,3,3,2.201990445859869,3.1743231441047977,0.4102759308510635,1.793913043478257,99.62352941176471,6.241538461538462,18.840000000000003,132.2855704375972
none,13,18,8,0.0372248803827751,18.306666666666665,0.8446031746031748,0.0271137724550898,0.8441269841269843,0.037356862745098,0.0157799671592775,3,3,3,3,3,3,3,2.605741626794257,3.17533333333333,0.4891789819376025,1.8166227544910167,97.97396825396828,6.753015873015874,18.306666666666665,131.12052749020702
none,13,18,16,0.0439853896103896,20.336666666666662,1.0445614035087718,0.0339068100358423,0.9933333333333332,0.0448883572567783,0.018529908752957,3,3,3,3,3,3,3,3.078977272727272,3.8155103668261554,0.574427171341667,2.2717562724014337,121.16912280701753,7.946666666666665,20.336666666666662,159.1931272236474
none,13,18,32,0.0479047619047619,21.62333333333333,1.163921568627451,0.0353936039360393,1.107592592592593,0.0473378839590443,0.0208519051042415,3,3,3,3,3,3,3,3.353333333333333,4.023720136518765,0.6464090582314865,2.371371463714633,135.01490196078433,8.860740740740743,21.62333333333333,175.8938100266566
none,13,20,1,0.0103769401330376,31.7,1.2999999999999996,0.0250490196078431,1.2867999999999995,0.0698158379373849,0.0069568041571938,3,3,3,3,3,3,3,0.726385809312632,5.934346224677716,0.2156609288730078,1.6782843137254877,150.79999999999995,10.294399999999996,31.7,201.3490772765888
none,13,20,2,0.0338454011741683,25.485000000000003,1.0993939393939396,0.0299234042553191,1.0670588235294116,0.0554621848739495,0.0136328576937909,3,3,3,3,3,3,3,2.369178082191781,4.714285714285707,0.4226185885075179,2.00486808510638,127.529696969697,8.536470588235293,25.485000000000003,171.0621180280237
none,13,20,4,0.029591304347826,20.4,0.947608695652174,0.0270608575380359,0.8283333333333333,0.0423737373737373,0.0146209386281588,3,3,3,3,3,3,3,2.07139130434782,3.6017676767676705,0.4532490974729228,1.8130774550484055,109.92260869565219,6.626666666666666,20.4,144.88876089595567
none,13,20,8,0.0367784642541924,21.04,0.9514285714285716,0.0319624352331606,0.8924137931034481,0.0420190641247833,0.0164776011560693,3,3,3,3,3,3,3,2.574492497793468,3.5716204506065803,0.5108056358381483,2.1414831606217604,110.3657142857143,7.139310344827585,21.04,147.34342637540183
none,13,20,16,0.0484482758620689,24.446666666666665,1.13,0.0363391136801541,1.0788888888888888,0.0484704830053667,0.0214631463146314,3,3,3,3,3,3,3,3.3913793103448233,4.11999105545617,0.6653575357535734,2.4347206165703246,131.07999999999998,8.63111111111111,24.446666666666665,174.76922629590263
none,13,20,32,0.0503027436140018,25.17333333333333,1.272553191489362,0.0376047904191616,1.2684782608695653,0.0515420560747663,0.0226599999999999,3,3,3,3,3,3,3,3.5211920529801257,4.381074766355136,0.7024599999999969,2.5195209580838274,147.61617021276598,10.147826086956522,25.17333333333333,194.06157741047488
none,14,10,1,0.0117765709852598,26.445,1.463181818181818,0.0255747126436781,1.398695652173913,0.0660600375234521,0.00720823798627,3,3,3,3,3,3,3,0.824359968968186,5.6151031894934285,0.22345537757437,1.7135057471264328,169.72909090909087,11.189565217391303,26.445,215.74008040964458
none,14,10,2,0.0120244420828905,21.39,1.1856666666666666,0.0320315091210613,1.1222580645161286,0.0586596385542168,0.0137638786084381,3,3,3,3,3,3,3,0.841710945802335,4.986069277108427,0.42668023686158113,2.146111111111107,137.53733333333332,8.97806451612903,21.39,176.30596942034578
none,14,10,4,0.0341020966271649,18.04,0.9827906976744184,0.0280823863636363,0.9434090909090912,0.0457000993048659,0.013699070764832,3,3,3,3,3,3,3,2.3871467639015433,3.8845084409136015,0.424671193709792,1.881519886363632,114.00372093023253,7.54727272727273,18.04,148.16883994239382
none,14,10,8,0.04025,20.43333333333333,1.168478260869565,0.0314839572192513,1.118125,0.0432812499999999,0.0167918454935622,3,3,3,3,3,3,3,2.8175,3.678906249999992,0.5205472103004283,2.109425133689837,135.54347826086953,8.945,20.43333333333333,174.04819018819313
none,14,10,16,0.0418212765957446,20.116666666666667,1.2260869565217392,0.0347684605757196,1.1493877551020408,0.0460592850915431,0.0182346647646219,3,3,3,3,3,3,3,2.9274893617021216,3.9150392327811634,0.565274607703279,2.329486858573213,142.22608695652175,9.195102040816327,20.116666666666667,181.27514572476454
none,14,10,32,0.0424104803493449,19.980000000000004,1.2414893617021276,0.0340652446675031,1.1339583333333334,0.0451029159519725,0.0196944035346097,3,3,3,3,3,3,3,2.968733624454143,3.8337478559176628,0.6105265095729007,2.282371392722708,144.01276595744682,9.071666666666667,19.980000000000004,182.75981200678092
none,14,12,1,0.0138065326633165,34.95,1.884444444444445,0.0283163265306122,1.7294444444444448,0.0781069042316258,0.0077569040015029,3,3,3,3,3,3,3,0.966457286432155,6.639086859688193,0.2404640240465899,1.8971938775510173,218.59555555555562,13.835555555555558,34.95,277.1243131588291
none,14,12,2,0.0420657276995305,28.01,1.4958333333333331,0.0379431929480901,1.4220000000000004,0.0723172905525846,0.0172575691092584,3,3,3,3,3,3,3,2.944600938967135,6.14696969696969,0.5349846423870105,2.5421939275220367,173.51666666666665,11.376000000000003,28.01,225.07141587251252
none,14,12,4,0.0407329842931937,23.865,1.203939393939394,0.0343710191082802,1.1994285714285713,0.0547251308900523,0.017972693421597,3,3,3,3,3,3,3,2.851308900523559,4.651636125654446,0.5571534960695069,2.3028582802547732,139.65696969696972,9.59542857142857,23.865,183.4803550709006
none,14,12,8,0.0502757158006362,25.03333333333334,1.3913513513513516,0.037176923076923,1.3546153846153846,0.0521074815595363,0.0206161532056619,3,3,3,3,3,3,3,3.519300106044534,4.429135932560586,0.6391007493755189,2.490853846153841,161.3967567567568,10.836923076923076,25.03333333333334,208.34540380114768
none,14,12,16,0.0532978723404255,25.116666666666667,1.5254054054054051,0.0395091575091575,1.4994871794871796,0.0544226579520697,0.0225619487610247,3,3,3,3,3,3,3,3.7308510638297854,4.625925925925925,0.6994204115917657,2.6471135531135523,176.947027027027,11.995897435897437,25.116666666666667,225.76290208405212
none,14,12,32,0.0547952586206896,24.256666666666668,1.4986842105263156,0.0397430249632892,1.4612820512820512,0.0586176142697881,0.0224778761061946,3,3,3,3,3,3,3,3.8356681034482722,4.982497212931989,0.6968141592920326,2.6627826725403763,173.8473684210526,11.69025641025641,24.256666666666668,221.97205364618836
none,14,14,1,0.0157599405425492,43.43,2.0512500000000005,0.0366342412451361,2.010588235294118,0.0897186700767263,0.0091750108837614,3,3,3,3,3,3,3,1.103195837978444,7.626086956521736,0.2844253373966034,2.4544941634241186,237.94500000000005,16.084705882352942,43.43,308.9279081776739
none,14,14,2,0.047037037037037,34.800000000000004,1.669090909090909,0.0430855855855855,1.6360869565217393,0.0837125748502994,0.017590909090909,3,3,3,3,3,3,3,3.29259259259259,7.115568862275449,0.545318181818179,2.8867342342342286,193.61454545454544,13.088695652173914,34.800000000000004,255.34345497763982
none,14,14,4,0.0434966887417218,29.03,1.3649999999999998,0.0400754716981132,1.571923076923077,0.0642796610169491,0.0203448275862069,3,3,3,3,3,3,3,3.044768211920526,5.463771186440673,0.6306896551724138,2.6850566037735843,158.33999999999997,12.575384615384616,29.03,211.7696702726918
none,14,14,8,0.0506471306471306,30.045,1.4890909090909088,0.0420916162489196,1.39,0.0607776427703523,0.0222331047992164,3,3,3,3,3,3,3,3.545299145299142,5.166099635479946,0.6892262487757085,2.820138288677613,172.7345454545454,11.12,30.045,226.12030877277783
none,14,14,16,0.0641469489414694,32.33,1.674,0.0476903765690376,1.5689473684210526,0.067622027534418,0.0274195121951219,3,3,3,3,3,3,3,4.490286425902858,5.74787234042553,0.8500048780487789,3.1952552301255195,194.184,12.551578947368421,32.33,253.34899782187114
none,14,14,32,0.0644968944099378,31.055,1.7673529411764706,0.0459983291562239,1.5448648648648649,0.068689138576779,0.0279494655004859,3,3,3,3,3,3,3,4.514782608695646,5.838576779026215,0.8664334305150628,3.0818880534670012,205.01294117647058,12.358918918918919,31.055,262.7285409670934
none,14,16,1,0.0179253112033195,52.63,2.380000000000001,0.0400893854748603,2.4400000000000004,0.0999999999999999,0.0110887896825396,3,3,3,3,3,3,3,1.254771784232365,8.499999999999991,0.34375248015872756,2.6859888268156404,276.0800000000001,19.520000000000003,52.63,361.0145130912068
none,14,16,2,0.0516194968553459,42.64,1.9868421052631584,0.0502022756005056,1.9215,0.0946896551724137,0.0229661503155479,3,3,3,3,3,3,3,3.613364779874213,8.048620689655165,0.7119506597819849,3.3635524652338753,230.4736842105264,15.372,42.64,304.2231728050716
none,14,16,4,0.0556378600823045,34.785000000000004,1.76125,0.0454170957775489,1.6634615384615383,0.0736923076923077,0.0234803921568627,3,3,3,3,3,3,3,3.894650205761315,6.2638461538461545,0.7278921568627437,3.042945417095776,204.305,13.307692307692307,34.785000000000004,266.32702624125835
none,14,16,8,0.0632127955493741,34.41,1.7013333333333336,0.0446691871455576,1.645806451612903,0.0741374474053295,0.0253871142393069,3,3,3,3,3,3,3,4.424895688456187,6.301683029453008,0.7870005414185138,2.992835538752359,197.3546666666667,13.166451612903224,34.41,259.43753307764996
none,14,16,16,0.0739099859353023,36.28,2.011333333333333,0.0546425166825548,1.899375,0.0808,0.0312238147739801,3,3,3,3,3,3,3,5.173699015471161,6.867999999999999,0.9679382579933832,3.6610486177311716,233.31466666666662,15.195,36.28,301.4603525578624
none,14,16,32,0.0749030470914127,36.08999999999999,2.0268965517241377,0.0560471698113207,1.9276666666666664,0.0764285714285714,0.0316136236739251,3,3,3,3,3,3,3,5.2432132963988884,6.496428571428569,0.980022333891678,3.7551603773584867,235.11999999999998,15.421333333333331,36.08999999999999,303.1061579124109
none,14,18,1,0.0205611222444889,59.2,2.5307692307692298,0.0467919799498746,2.5323076923076924,0.1123509933774834,0.0119301622216112,3,3,3,3,3,3,3,1.439278557114223,9.549834437086089,0.3698350288699472,3.135062656641598,293.56923076923067,20.25846153846154,59.2,387.521702987404
none,14,18,2,0.0586690017513134,46.31999999999999,2.0505882352941174,0.0541234221598878,2.0694444444444446,0.1044675324675324,0.0236311787072243,3,3,3,3,3,3,3,4.106830122591938,8.879740259740254,0.7325665399239533,3.6262692847124827,237.86823529411762,16.555555555555557,46.31999999999999,318.0891970566418
none,14,18,4,0.0597975077881619,36.93,1.8166666666666669,0.0449941520467836,1.5303999999999998,0.0806797853309481,0.025063829787234,3,3,3,3,3,3,3,4.185825545171332,6.857781753130589,0.776978723404254,3.014608187134501,210.73333333333335,12.243199999999998,36.93,274.74172754217403
none,14,18,8,0.07625,35.904999999999994,1.8296428571428571,0.0544868995633187,1.6969999999999996,0.0826829268292682,0.0281058328322309,3,3,3,3,3,3,3,5.3374999999999995,7.028048780487797,0.8712808177991579,3.6506222707423532,212.23857142857142,13.575999999999997,35.904999999999994,278.60702329760073
none,14,18,16,0.0934887459807073,42.690000000000005,2.256428571428572,0.0592596566523605,2.043333333333333,0.0917961165048543,0.0350061349693251,3,3,3,3,3,3,3,6.544212218649512,7.802669902912615,1.085190184049078,3.9703969957081533,261.74571428571437,16.346666666666664,42.690000000000005,340.1848502537004
none,14,18,32,0.0837037037037037,42.815,2.228518518518518,0.0662719298245614,2.1242857142857146,0.0908360655737705,0.037167192429022,3,3,3,3,3,3,3,5.859259259259259,7.721065573770492,1.152182965299682,4.440219298245614,258.5081481481481,16.994285714285716,42.815,337.49016095900885
none,14,20,1,0.0226998323085522,68.04,2.827500000000001,0.0493287671232876,2.9075,0.1230996309963099,0.0129059570607801,3,3,3,3,3,3,3,1.5889882615986541,10.463468634686341,0.4000846688841831,3.305027397260269,327.9900000000001,23.26,68.04,435.0475689624296
none,14,20,2,0.0715384615384615,50.95,2.205,0.0570962732919254,2.088125,0.1223398328690807,0.0236107193229901,3,3,3,3,3,3,3,5.007692307692305,10.39888579387186,0.7319322990126931,3.825450310559002,255.78,16.705,50.95,343.3989607111358
none,14,20,4,0.0676,41.02,1.9249999999999996,0.0525380710659898,1.9127272727272728,0.0872199170124481,0.0241572285143237,3,3,3,3,3,3,3,4.731999999999999,7.413692946058089,0.7488740839440348,3.5200507614213166,223.29999999999995,15.301818181818183,41.02,296.03643597324157
none,14,20,8,0.079603448275862,43.23,1.8638461538461544,0.0560187353629976,1.793214285714285,0.0853135888501742,0.0331392235609103,3,3,3,3,3,3,3,5.57224137931034,7.251655052264807,1.0273159303882193,3.753255269320839,216.2061538461539,14.34571428571428,43.23,291.3863357631524
none,14,20,16,0.091005291005291,47.98500000000001,2.212307692307693,0.0644196951934349,2.1011111111111105,0.0941958041958041,0.039476902173913,3,3,3,3,3,3,3,6.37037037037037,8.006643356643348,1.2237839673913031,4.316119577960139,256.62769230769237,16.808888888888884,47.98500000000001,341.3384984689464
none,14,20,32,0.0860347826086956,48.69,2.474583333333333,0.067531865585168,2.5124,0.0995281306715063,0.039460580912863,3,3,3,3,3,3,3,6.022434782608692,8.459891107078036,1.223278008298753,4.524634994206256,287.0516666666666,20.0992,48.69,376.07110555885833
none,15,10,1,0.0241647196261682,57.49,3.0963636363636367,0.0528673323823109,2.923636363636363,0.1359845559845559,0.0142119118130964,3,3,3,3,3,3,3,1.691530373831774,11.55868725868725,0.4405692662059884,3.5421112696148302,359.1781818181818,23.389090909090903,57.49,457.29017089561256
none,15,10,2,0.0628906249999999,46.61,2.622857142857145,0.0585248447204969,2.2673333333333323,0.1168059701492537,0.0267907303370786,3,3,3,3,3,3,3,4.402343749999993,9.928507462686564,0.8305126404494366,3.921164596273292,304.25142857142885,18.13866666666666,46.61,388.0826236875048
none,15,10,4,0.0685391304347826,40.78,2.0905000000000005,0.0569724770642202,1.8171428571428567,0.0876763485477178,0.0279850746268656,3,3,3,3,3,3,3,4.797739130434782,7.452489626556013,0.8675373134328336,3.817155963302753,242.49800000000005,14.537142857142854,40.78,314.7500648908692
none,15,10,8,0.0771704745166959,38.595,2.438181818181818,0.0632330827067669,2.255217391304348,0.0875378787878787,0.0343929058663028,3,3,3,3,3,3,3,5.401933216168713,7.44071969696969,1.0661800818553868,4.236616541353382,282.8290909090909,18.041739130434784,38.595,357.6112795758728
none,15,10,16,0.0865674603174603,41.49,2.356818181818181,0.0598734177215189,2.4165217391304337,0.0926306913996627,0.0345880776959142,3,3,3,3,3,3,3,6.059722222222222,7.87360876897133,1.0722304085733403,4.011518987341766,273.390909090909,19.33217391304347,41.49,353.2301633910611
none,15,10,32,0.0898811544991511,41.355,2.442272727272727,0.0648971722365038,2.334166666666667,0.0893367346938776,0.0361404682274247,3,3,3,3,3,3,3,6.291680814940577,7.593622448979596,1.1203545150501657,4.348110539845755,283.3036363636363,18.673333333333336,41.355,362.6857380157858
none,15,12,1,0.0352946273830155,73.02000000000001,3.866666666666667,0.061578947368421,3.713333333333333,0.1585849056603774,0.0159078484966809,3,3,3,3,3,3,3,2.470623916811085,13.479716981132079,0.4931433033971079,4.125789473684207,448.5333333333334,29.706666666666663,73.02000000000001,571.8292736750245
none,15,12,2,0.08274231678487,60.03999999999999,3.253333333333333,0.0698715596330275,3.134166666666667,0.1270567375886525,0.0402194092827004,3,3,3,3,3,3,3,5.7919621749409,10.799822695035461,1.2468016877637125,4.681394495412843,377.3866666666666,25.073333333333338,60.03999999999999,485.01998105315283
none,15,12,4,0.0745233644859813,45.370000000000005,2.5275000000000007,0.0613725490196078,2.71125,0.1106933333333333,0.0317679999999999,3,3,3,3,3,3,3,5.216635514018692,9.40893333333333,0.9848079999999969,4.111960784313722,293.1900000000001,21.69,45.370000000000005,379.9723376316659
none,15,12,8,0.0975975359342915,47.08,2.748333333333334,0.0672815533980582,2.728333333333333,0.1085287846481876,0.0404908946951702,3,3,3,3,3,3,3,6.831827515400406,9.224946695095946,1.2552177355502763,4.5078640776698995,318.80666666666673,21.826666666666664,47.08,409.5331893570499
none,15,12,16,0.0954471544715447,48.635,3.177222222222221,0.0775683060109289,2.95421052631579,0.1197089397089397,0.0439733998337489,3,3,3,3,3,3,3,6.681300813008129,10.175259875259874,1.363175394846216,5.197076502732236,368.55777777777763,23.63368421052632,48.635,464.2432745741504
none,15,12,32,0.0939918533604887,48.190000000000005,2.906666666666668,0.0823439667128987,3.0073684210526306,0.1128256070640176,0.0464023372287145,3,3,3,3,3,3,3,6.579429735234209,9.590176600441497,1.4384724540901495,5.517045769764213,337.1733333333335,24.058947368421045,48.190000000000005,432.54740526128467
none,15,14,1,0.0375784753363228,84.62,3.801249999999998,0.0706496062992125,3.96125,0.1883516483516482,0.019006993006993,3,3,3,3,3,3,3,2.630493273542596,16.009890109890097,0.589216783216783,4.733523622047238,440.94499999999977,31.69,84.62,581.2181237886964
none,15,14,2,0.0785470085470085,75.14,3.5310000000000006,0.0805543710021322,3.251818181818182,0.1532635983263598,0.0297875457875457,3,3,3,3,3,3,3,5.498290598290595,13.027405857740582,0.9234139194139167,5.397142857142857,409.59600000000006,26.014545454545456,75.14,535.5967986871335
none,15,14,4,0.0791245791245791,56.900000000000006,3.090769230769231,0.0671378708551483,3.0692307692307708,0.1226190476190475,0.0390691244239631,3,3,3,3,3,3,3,5.538720538720537,10.422619047619039,1.211142857142856,4.498237347294936,358.5292307692308,24.553846153846166,56.900000000000006,461.6537967138544
none,15,14,8,0.1021291866028708,62.64,3.1011764705882348,0.0806451612903225,2.831764705882353,0.1309487179487179,0.0471799628942486,3,3,3,3,3,3,3,7.149043062200956,11.130641025641022,1.4625788497217065,5.403225806451607,359.73647058823525,22.654117647058825,62.64,470.1760769793093
none,15,14,16,0.1193749999999999,64.88,3.430625,0.0807771260997067,3.0938888888888902,0.1262325581395348,0.0568341232227488,3,3,3,3,3,3,3,8.356249999999992,10.729767441860458,1.7618578199052128,5.412067448680349,397.9525,24.751111111111122,64.88,513.8435538215572
none,15,14,32,0.1301086956521738,64.05000000000001,3.5181250000000004,0.0869609261939218,3.489444444444445,0.1338694638694638,0.0564803921568627,3,3,3,3,3,3,3,9.107608695652166,11.378904428904423,1.7508921568627438,5.826382054992761,408.1025,27.91555555555556,64.05000000000001,528.1318428919676
none,15,16,1,0.0486925287356321,112.36,5.318571428571433,0.1006726457399102,4.96857142857143,0.2092903225806451,0.0196930803571428,3,3,3,3,3,3,3,3.4084770114942473,17.78967741935483,0.6104854910714268,6.745067264573983,616.9542857142862,39.74857142857144,112.36,797.6165643293522
none,15,16,2,0.1057281553398057,87.34999999999998,3.435555555555556,0.0845542168674698,3.5660000000000007,0.1972596153846152,0.0268742921857304,3,3,3,3,3,3,3,7.400970873786399,16.76706730769229,0.8331030577576424,5.665132530120477,398.5244444444445,28.528000000000006,87.34999999999998,545.0687182138013
none,15,16,4,0.1045533141210374,74.03,3.658333333333335,0.0858555133079847,3.2738461538461543,0.1526714801444043,0.0375982996811902,3,3,3,3,3,3,3,7.318731988472618,12.977075812274364,1.1655472901168964,5.752319391634975,424.36666666666684,26.190769230769234,74.03,551.8011103799349
none,15,16,8,0.1342857142857143,74.06000000000002,3.210714285714287,0.0845742904841402,3.006875000000001,0.15003003003003,0.0476039387308534,3,3,3,3,3,3,3,9.400000000000002,12.75255255255255,1.4757221006564554,5.666477462437393,372.4428571428573,24.055000000000007,74.06000000000002,499.8526092585037
none,15,16,16,0.1314588859416445,73.23,4.015333333333334,0.1061178509532062,4.1146666666666665,0.1586980609418282,0.0621865284974093,3,3,3,3,3,3,3,9.202122015915116,13.489335180055397,1.9277823834196883,7.109896013864815,465.77866666666677,32.91733333333333,73.23,603.6551355932552
none,15,16,32,0.1267958656330749,77.77,3.9540000000000006,0.1022671353251317,4.005999999999999,0.1656153846153846,0.0638241758241758,3,3,3,3,3,3,3,8.875710594315244,14.077307692307691,1.9785494505494496,6.851898066783823,458.6640000000001,32.047999999999995,77.77,600.2654658039563
none,15,18,1,0.0552338129496402,123.44,5.496666666666666,0.1021907216494845,5.541666666666668,0.2353237410071941,0.0283983849259757,3,3,3,3,3,3,3,3.866366906474814,20.0025179856115,0.8803499327052468,6.846778350515462,637.6133333333332,44.33333333333334,123.44,836.9826798419735
none,15,18,2,0.0997802197802198,97.01000000000002,3.9562500000000007,0.0967768595041321,3.86222222222222,0.2085869565217391,0.0480829015544041,3,3,3,3,3,3,3,6.984615384615386,17.729891304347824,1.490569948186527,6.484049586776851,458.92500000000007,30.89777777777776,97.01000000000002,619.5219040017043
none,15,18,4,0.1237583892617449,87.30999999999999,3.84090909090909,0.0897008547008547,3.544166666666668,0.1612648221343873,0.0512054120541205,3,3,3,3,3,3,3,8.663087248322142,13.707509881422922,1.5873677736777354,6.009957264957265,445.54545454545445,28.353333333333342,87.30999999999999,591.1767100471678
none,15,18,8,0.1457777777777778,74.33000000000001,3.649230769230769,0.0959758551307846,3.1042857142857123,0.1674642857142856,0.058562874251497,3,3,3,3,3,3,3,10.204444444444446,14.234464285714276,1.815449101796407,6.430382293762569,423.3107692307692,24.8342857142857,74.33000000000001,555.1597950707726
none,15,18,16,0.1666176470588235,86.88999999999999,4.346428571428572,0.1195348837209302,4.49357142857143,0.1972312703583061,0.0779512195121951,3,3,3,3,3,3,3,11.663235294117646,16.76465798045602,2.416487804878048,8.008837209302323,504.1857142857144,35.94857142857144,86.88999999999999,665.8775040030399
none,15,18,32,0.1531123919308357,85.94,4.454615384615387,0.1231349206349206,4.109230769230768,0.1667168674698794,0.0678715365239295,3,3,3,3,3,3,3,10.7178674351585,14.17093373493975,2.1040176322418143,8.25003968253968,516.7353846153849,32.873846153846145,85.94,670.7920892541108
none,15,20,1,0.0791350210970464,140.5,5.853333333333332,0.1051197604790418,6.256666666666664,0.2810169491525425,0.0325040257648953,3,3,3,3,3,3,3,5.539451476793248,23.886440677966114,1.0076247987117544,7.0430239520958,678.9866666666665,50.05333333333331,140.5,907.0165409055667
none,15,20,2,0.1211983471074379,114.85,4.752500000000001,0.1031481481481481,4.423750000000002,0.22325,0.0451331360946745,3,3,3,3,3,3,3,8.483884297520653,18.97625,1.3991272189349095,6.910925925925922,551.2900000000002,35.390000000000015,114.85,737.3001874423817
none,15,20,4,0.1471955719557194,91.94,3.845454545454544,0.0981113801452783,3.286363636363639,0.1805990783410138,0.0524731182795699,3,3,3,3,3,3,3,10.303690036900358,15.350921658986172,1.626666666666667,6.573462469733646,446.0727272727271,26.29090909090911,91.94,598.1583771959231
none,15,20,8,0.1447569444444444,86.97,3.752500000000001,0.1043052391799544,3.3346153846153843,0.1783146067415729,0.0661705202312138,3,3,3,3,3,3,3,10.132986111111109,15.156741573033697,2.0512861271676277,6.988451025056945,435.2900000000001,26.676923076923075,86.97,583.2663879132925
none,15,20,16,0.1874113475177306,100.89,4.465384615384616,0.1329646017699114,4.813571428571429,0.2257509157509157,0.0811950549450549,3,3,3,3,3,3,3,13.11879432624114,19.188827838827834,2.517046703296702,8.908628318584064,517.9846153846155,38.50857142857143,100.89,701.1164840001367
none,15,20,32,0.1786084142394821,97.56,5.166666666666668,0.1072647702407001,5.080833333333333,0.1982817869415807,0.0826758620689655,3,3,3,3,3,3,3,12.502588996763746,16.85395189003436,2.5629517241379305,7.186739606126906,599.3333333333335,40.64666666666666,97.56,776.646232217063
none,16,10,1,0.0669197396963123,120.36,7.025999999999996,0.1040189873417721,6.397999999999996,0.2681355932203391,0.0338947368421052,3,3,3,3,3,3,3,4.684381778741861,22.79152542372882,1.0507368421052612,6.969272151898731,815.0159999999996,51.18399999999997,120.36,1022.0559161964743
none,16,10,2,0.1182417582417582,96.82,5.09,0.0966124661246612,4.927142857142854,0.1933766233766234,0.0429470198675496,3,3,3,3,3,3,3,8.276923076923074,16.437012987012988,1.3313576158940374,6.473035230352301,590.4399999999999,39.417142857142835,96.82,759.1954717673252
none,16,10,4,0.1259322033898304,89.94999999999999,3.6388888888888857,0.1102238805970149,3.697999999999997,0.1964651162790698,0.039171974522293,3,3,3,3,3,3,3,8.815254237288128,16.699534883720933,1.214331210191083,7.384999999999999,422.11111111111074,29.583999999999975,89.94999999999999,575.7592314423109
none,16,10,8,0.1313087248322147,79.76000000000002,4.838999999999999,0.0959440559440559,5.281818181818181,0.1896226415094339,0.0555544041450777,3,3,3,3,3,3,3,9.19161073825503,16.11792452830188,1.7221865284974087,6.428251748251745,561.3239999999998,42.25454545454545,79.76000000000002,716.7985189978514
none,16,10,16,0.1564610389610389,83.72999999999999,5.479999999999997,0.1122727272727272,4.860909090909091,0.1970588235294117,0.0524973656480505,3,3,3,3,3,3,3,10.952272727272724,16.749999999999996,1.6274183350895655,7.522272727272723,635.6799999999996,38.88727272727273,83.72999999999999,795.1492365169073
none,16,10,32,0.1570915032679738,86.31,5.405999999999999,0.0982340425531914,4.985454545454546,0.1827241379310344,0.0529329004329004,3,3,3,3,3,3,3,10.996405228758166,15.531551724137923,1.6409199134199124,6.581680851063824,627.0959999999999,39.88363636363637,86.31,788.0401940810161
none,16,12,1,0.0944412607449857,155.77999999999997,9.682499999999996,0.1252918287937743,6.374000000000002,0.2976237623762374,0.0451267281105991,3,3,3,3,3,3,3,6.610888252148999,25.29801980198018,1.398928571428572,8.394552529182878,1123.1699999999994,50.99200000000002,155.77999999999997,1371.6443891547399
none,16,12,2,0.1489473684210526,123.26,7.52,0.1496727272727271,6.525000000000002,0.2923255813953489,0.0553306342780026,3,3,3,3,3,3,3,10.426315789473682,24.847674418604658,1.7152496626180804,10.028072727272715,872.3199999999999,52.20000000000002,123.26,1094.7973125979693
none,16,12,4,0.1547773279352227,105.96000000000004,4.904999999999998,0.1145689655172413,6.470000000000002,0.2266863905325444,0.0525526315789473,3,3,3,3,3,3,3,10.834412955465588,19.268343195266276,1.6291315789473664,7.676120689655167,568.9799999999997,51.76000000000002,105.96000000000004,766.108008419334
none,16,12,8,0.15144,103.04000000000002,5.720000000000002,0.1226246719160105,5.43,0.2413023255813954,0.0631895424836601,3,3,3,3,3,3,3,10.6008,20.51069767441861,1.958875816993463,8.215853018372703,663.5200000000003,43.44,103.04000000000002,851.2862265097851
none,16,12,16,0.1709126984126985,96.84,6.584444444444443,0.14925,6.347777777777775,0.2347736625514404,0.077012987012987,3,3,3,3,3,3,3,11.963888888888894,19.955761316872433,2.387402597402597,9.999749999999999,763.7955555555554,50.7822222222222,96.84,955.7245805809416
none,16,12,32,0.1850988142292491,96.94,5.955555555555559,0.1415288220551379,5.628888888888888,0.2370175438596491,0.0704701397712833,3,3,3,3,3,3,3,12.956916996047436,20.146491228070172,2.1845743329097824,9.482431077694239,690.8444444444449,45.0311111111111,96.94,877.5859691902776
none,16,14,1,0.1064111498257839,195.8,10.085,0.1415837104072398,10.097499999999997,0.4628571428571431,0.0612248062015504,3,3,3,3,3,3,3,7.448780487804873,39.34285714285716,1.8979689922480625,9.486108597285067,1169.8600000000001,80.77999999999997,195.8,1504.6157152201952
none,16,14,2,0.1593877551020408,148.68,7.178000000000004,0.1514767932489451,7.600000000000001,0.3436363636363635,0.0666435986159169,3,3,3,3,3,3,3,11.157142857142857,29.2090909090909,2.065951557093424,10.148945147679322,832.6480000000005,60.80000000000001,148.68,1094.709130471007
none,16,14,4,0.1410552763819095,124.89,7.296666666666667,0.1395637583892617,7.574999999999996,0.2429411764705884,0.0518381112984822,3,3,3,3,3,3,3,9.873869346733667,20.650000000000016,1.6069814502529483,9.350771812080533,846.4133333333334,60.599999999999966,124.89,1073.3849559424007
none,16,14,8,0.1626415094339621,128.59999999999997,6.155000000000001,0.1158035714285714,5.579999999999998,0.2702673796791444,0.0768938193343898,3,3,3,3,3,3,3,11.384905660377347,22.972727272727273,2.3837083993660837,7.758839285714283,713.9800000000001,44.639999999999986,128.59999999999997,931.7201806181852
none,16,14,16,0.2439069767441861,126.09000000000005,6.7925,0.1698525073746313,6.193333333333335,0.282095238095238,0.0875867507886435,3,3,3,3,3,3,3,17.073488372093028,23.978095238095232,2.7151892744479484,11.380117994100297,787.9300000000001,49.54666666666668,126.09000000000005,1018.7135575454032
none,16,14,32,0.2421596244131454,125.52,6.717500000000001,0.1559654178674351,6.027777777777779,0.2614622641509434,0.092453781512605,3,3,3,3,3,3,3,16.951173708920177,22.22429245283019,2.8660672268907548,10.44968299711815,779.2300000000001,48.22222222222223,125.52,1005.4634386079815
none,16,16,1,0.147125,230.78,11.74333333333334,0.189,13.126666666666663,0.4761643835616436,0.054437984496124,3,3,3,3,3,3,3,10.29875,40.47397260273971,1.687577519379844,12.663,1362.2266666666674,105.0133333333333,230.78,1763.1433001221203
none,16,16,2,0.1917543859649122,176.72,8.751999999999995,0.1689705882352941,7.76400000000001,0.4157291666666665,0.0843544857768052,3,3,3,3,3,3,3,13.422807017543855,35.33697916666665,2.614989059080961,11.321029411764705,1015.2319999999995,62.11200000000008,176.72,1316.7598046550559
none,16,16,4,0.1782417582417579,145.68999999999997,7.008333333333333,0.1317110266159694,5.882857142857148,0.294724409448819,0.080379241516966,3,3,3,3,3,3,3,12.476923076923052,25.051574803149617,2.491756487025946,8.824638783269949,812.9666666666666,47.06285714285718,145.68999999999997,1054.5644169598922
none,16,16,8,0.2138586956521737,135.81,6.572857142857146,0.1874305555555554,6.186250000000001,0.3246666666666664,0.0998848368522072,3,3,3,3,3,3,3,14.970108695652158,27.596666666666643,3.096429942418423,12.557847222222213,762.4514285714289,49.49000000000001,135.81,1005.9724810983882
none,16,16,16,0.3021739130434784,149.97,7.226250000000004,0.2067605633802817,7.615000000000002,0.3613414634146341,0.1168918918918918,3,3,3,3,3,3,3,21.152173913043487,30.714024390243896,3.6236486486486457,13.852957746478873,838.2450000000005,60.920000000000016,149.97,1118.4778046984154
none,16,16,32,0.324385026737968,148.82,8.164285714285711,0.1816610169491526,8.422500000000003,0.3751744186046513,0.1240808080808081,3,3,3,3,3,3,3,22.706951871657758,31.88982558139536,3.846505050505051,12.171288135593224,947.0571428571425,67.38000000000002,148.82,1233.871713496294
none,16,18,1,0.1041626794258374,260.22,12.310000000000002,0.2666666666666666,12.306666666666658,0.5050769230769228,0.0921596244131455,3,3,3,3,3,3,3,7.291387559808618,42.93153846153844,2.8569483568075107,17.866666666666664,1427.9600000000003,98.45333333333326,260.22,1857.579874378155
none,16,18,2,0.1934640522875816,199.3,10.314999999999998,0.2114285714285715,9.655,0.4695348837209305,0.1120506329113925,3,3,3,3,3,3,3,13.542483660130712,39.91046511627909,3.4735696202531674,14.16571428571429,1196.5399999999997,77.24,199.3,1544.172232682377
none,16,18,4,0.229685534591195,161.42999999999998,7.726666666666667,0.1673893805309734,7.030000000000001,0.3555555555555552,0.0997658079625292,3,3,3,3,3,3,3,16.07798742138365,30.22222222222219,3.092740046838405,11.215088495575218,896.2933333333333,56.24000000000001,161.42999999999998,1174.5713715193529
none,16,18,8,0.223481012658228,144.60000000000002,7.157142857142851,0.1850799999999999,6.9957142857142856,0.379485294117647,0.1100229885057471,3,3,3,3,3,3,3,15.643670886075961,32.256249999999994,3.41071264367816,12.400359999999994,830.2285714285707,55.965714285714284,144.60000000000002,1094.5052792440392
none,16,18,16,0.357962962962963,166.76000000000002,8.13428571428571,0.2197233201581027,7.327142857142846,0.4413513513513512,0.1194505494505494,3,3,3,3,3,3,3,25.05740740740741,37.51486486486485,3.7029670329670314,14.721462450592881,943.5771428571423,58.61714285714277,166.76000000000002,1249.9509874701173
none,16,18,32,0.2654326923076922,171.54000000000002,8.284285714285716,0.251309523809524,8.42857142857143,0.3132716049382718,0.1415662650602409,3,3,3,3,3,3,3,18.58028846153845,26.6280864197531,4.388554216867468,16.837738095238105,960.977142857143,67.42857142857144,171.54000000000002,1266.3803814791117
none,16,20,1,0.1965217391304348,311.6700000000001,11.066666666666665,0.2204255319148935,12.27333333333334,0.5481355932203389,0.0879891304347826,3,3,3,3,3,3,3,13.756521739130436,46.591525423728804,2.7276630434782607,14.768510638297865,1283.7333333333331,98.18666666666672,311.6700000000001,1771.4342208446353
none,16,20,2,0.2509489051094891,232.89,8.180000000000007,0.2007185628742513,8.189999999999998,0.451282051282051,0.1294752186588921,3,3,3,3,3,3,3,17.566423357664235,38.358974358974336,4.013731778425655,13.448143712574836,948.8800000000008,65.51999999999998,232.89,1320.6772732076397
none,16,20,4,0.2498611111111113,183.08,6.963999999999999,0.1853623188405797,9.231666666666662,0.3708823529411762,0.1036314363143631,3,3,3,3,3,3,3,17.49027777777779,31.524999999999977,3.2125745257452563,12.419275362318839,807.8239999999998,73.8533333333333,183.08,1129.404460999175
none,16,20,8,0.2671328671328674,169.92000000000002,6.968333333333334,0.2110666666666667,6.225714285714282,0.44408,0.1314021164021163,3,3,3,3,3,3,3,18.699300699300718,37.7468,4.073465608465606,14.14146666666667,808.3266666666667,49.80571428571426,169.92000000000002,1102.713413926814
none,16,20,16,0.3564516129032256,193.6,9.459999999999994,0.2169026548672563,8.638571428571431,0.4081481481481483,0.1418863049095607,3,3,3,3,3,3,3,24.95161290322579,34.692592592592604,4.398475452196381,14.532477876106173,1097.3599999999992,69.10857142857145,193.6,1438.6437302526915
none,16,20,32,0.336095890410959,190.43,8.870000000000005,0.2426377952755904,8.598571428571432,0.395172413793103,0.1666759776536311,3,3,3,3,3,3,3,23.52671232876713,33.58965517241375,5.166955307262564,16.256732283464558,1028.9200000000005,68.78857142857146,190.43,1366.67862652048
none,17,10,1,0.1736627906976742,255.74,13.150000000000006,0.2578676470588235,13.99666666666667,0.5796428571428569,0.1034293948126803,3,3,3,3,3,3,3,12.156395348837194,49.269642857142834,3.2063112391930897,17.277132352941173,1525.4000000000005,111.97333333333336,255.74,1975.0228151314482
none,17,10,2,0.2860902255639099,190.69,11.287499999999994,0.2446103896103892,9.78500000000001,0.4371232876712332,0.0890058479532163,3,3,3,3,3,3,3,20.026315789473692,37.15547945205482,2.759181286549705,16.388896103896077,1309.3499999999995,78.28000000000009,190.69,1654.6498726319737
none,17,10,4,0.2619708029197078,168.31,11.027999999999992,0.2254639175257733,8.920000000000002,0.3922000000000003,0.10307881773399,3,3,3,3,3,3,3,18.337956204379548,33.337000000000025,3.19544334975369,15.106082474226811,1279.2479999999991,71.36000000000001,168.31,1588.894482028359
none,17,10,8,0.3126811594202894,159.45,9.34600000000001,0.2347115384615383,9.459999999999994,0.4067567567567569,0.1283522727272726,3,3,3,3,3,3,3,21.887681159420257,34.57432432432434,3.97892045454545,15.725673076923066,1084.1360000000013,75.67999999999995,159.45,1395.4325990152145
none,17,10,16,0.3598561151079136,155.44,9.575999999999992,0.2474545454545453,9.474999999999994,0.4321969696969701,0.1369886363636362,3,3,3,3,3,3,3,25.189928057553953,36.73674242424246,4.246647727272722,16.579454545454535,1110.8159999999991,75.79999999999995,155.44,1424.8087727545228
none,17,10,32,0.3260431654676261,158.23000000000002,10.034,0.2486301369863013,9.805000000000009,0.4421804511278195,0.1461079545454545,3,3,3,3,3,3,3,22.823021582733826,37.585338345864656,4.529346590909089,16.658219178082188,1163.9440000000002,78.44000000000007,158.23000000000002,1482.20992569759
none,17,12,1,0.152896551724138,340.36,19.840000000000003,0.2717857142857145,15.319999999999991,0.7561702127659569,0.1288602941176471,3,3,3,3,3,3,3,10.702758620689659,64.27446808510634,3.99466911764706,18.209642857142875,2301.4400000000005,122.55999999999993,340.36,2861.5415386805867
none,17,12,2,0.2730630630630632,253.8,14.01333333333332,0.2474637681159421,14.37000000000002,0.576612903225806,0.1309225092250923,3,3,3,3,3,3,3,19.114414414414426,49.012096774193516,4.058597785977861,16.58007246376812,1625.546666666665,114.96000000000016,253.8,2083.0718481050194
none,17,12,4,0.4059292035398232,213.68,13.333333333333329,0.324394904458599,11.200000000000005,0.5670370370370375,0.1305244755244756,3,3,3,3,3,3,3,28.415044247787623,48.198148148148185,4.046258741258744,21.734458598726132,1546.666666666666,89.60000000000004,213.68,1952.340576402587
none,17,12,8,0.361150442477876,213.57999999999996,8.142499999999998,0.2454022988505748,11.3125,0.5283838383838386,0.1603956834532374,3,3,3,3,3,3,3,25.28053097345132,44.91262626262628,4.9722661870503595,16.44195402298851,944.5299999999997,90.5,213.57999999999996,1340.2173774461162
none,17,12,16,0.4717391304347824,198.57000000000005,12.210000000000008,0.2945054945054945,11.629999999999995,0.5183928571428567,0.2158391608391607,3,3,3,3,3,3,3,33.02173913043477,44.063392857142816,6.6910139860139815,19.731868131868133,1416.360000000001,93.03999999999996,198.57000000000005,1811.4780141054607
none,17,12,32,0.4114953271028039,189.36999999999995,13.632499999999991,0.2939226519337017,10.816000000000017,0.5197321428571429,0.1799300699300698,3,3,3,3,3,3,3,28.804672897196273,44.17723214285714,5.577832167832164,19.692817679558015,1581.369999999999,86.52800000000013,189.36999999999995,1955.5205548874428
none,17,14,1,0.2681512605042018,413.14,20.014999999999983,0.2726881720430105,16.25999999999999,0.5894999999999992,0.1772173913043482,3,3,3,3,3,3,3,18.770588235294127,50.10749999999994,5.493739130434794,18.270107526881702,2321.739999999998,130.07999999999993,413.14,2957.6019348926084
none,17,14,2,0.5551063829787228,309.39,14.52666666666667,0.3283035714285711,14.200000000000015,0.7437735849056599,0.1580530973451328,3,3,3,3,3,3,3,38.8574468085106,63.22075471698109,4.899646017699117,21.996339285714264,1685.0933333333337,113.60000000000012,309.39,2237.0575201622387
none,17,14,4,0.2861052631578955,260.54,15.079999999999998,0.2837956204379561,11.732500000000002,0.6108333333333329,0.1516033755274259,3,3,3,3,3,3,3,20.02736842105268,51.9208333333333,4.699704641350203,19.01430656934306,1749.2799999999997,93.86000000000001,260.54,2199.342212965079
none,17,14,8,0.4396842105263152,244.73,11.209999999999994,0.3404545454545453,11.319999999999991,0.5336781609195409,0.2592561983471073,3,3,3,3,3,3,3,30.77789473684206,45.36264367816098,8.036942148760327,22.810454545454533,1300.3599999999992,90.55999999999993,244.73,1742.637935109217
none,17,14,16,0.5834374999999996,235.66000000000005,13.52000000000001,0.3946496815286622,13.519999999999996,0.6913541666666672,0.2278242677824267,3,3,3,3,3,3,3,40.840624999999974,58.76510416666671,7.062552301255228,26.441528662420367,1568.320000000001,108.15999999999997,235.66000000000005,2045.2498101303433
none,17,14,32,0.4844791666666665,243.97,13.379999999999995,0.3568456375838926,11.88600000000001,0.6257291666666669,0.2314937759336099,3,3,3,3,3,3,3,33.91354166666665,53.18697916666669,7.1763070539419065,23.908657718120804,1552.0799999999995,95.08800000000008,243.97,2009.3234856053957
none,17,16,1,0.416633663366337,488.56,20.77500000000001,0.3820987654320991,24.58499999999998,0.7577142857142878,0.2089847715736037,3,3,3,3,3,3,3,29.16435643564359,64.40571428571447,6.478527918781715,25.60061728395064,2409.900000000001,196.67999999999984,488.56,3220.789215924091
none,17,16,2,0.4459523809523809,366.4500000000001,21.495000000000005,0.3752525252525247,17.38499999999999,0.727872340425531,0.1781865284974091,3,3,3,3,3,3,3,31.21666666666666,61.869148936170134,5.523782383419682,25.141919191919158,2493.4200000000005,139.07999999999993,366.4500000000001,3122.7015171781763
none,17,16,4,0.4102380952380953,294.19000000000005,12.949999999999989,0.338617886178862,13.76666666666668,0.6591803278688522,0.1954455445544556,3,3,3,3,3,3,3,28.71666666666667,56.03032786885243,6.058811881188124,22.687398373983754,1502.1999999999987,110.13333333333344,294.19000000000005,2020.016538124023
none,17,16,8,0.3310588235294123,272.06000000000006,14.627500000000012,0.3489473684210527,14.239999999999997,0.4735616438356169,0.2207281553398061,3,3,3,3,3,3,3,23.17411764705886,40.252739726027436,6.842572815533989,23.37947368421053,1696.7900000000013,113.91999999999997,272.06000000000006,2176.4189038728323
none,17,16,16,0.6273255813953487,288.56,15.873333333333337,0.485112781954887,12.689999999999998,0.5101030927835053,0.3310628019323669,3,3,3,3,3,3,3,43.91279069767441,43.35876288659795,10.262946859903375,32.50255639097743,1841.306666666667,101.51999999999998,288.56,2361.4237235018204
none,17,16,32,0.6381609195402289,288.15,15.7175,0.4608396946564888,11.400000000000006,0.8662500000000009,0.2729268292682927,3,3,3,3,3,3,3,44.67126436781602,73.63125000000008,8.460731707317073,30.876259541984748,1823.23,91.20000000000005,288.15,2360.219505617118
none,17,18,1,0.3383333333333329,561.91,29.435,0.5469014084507045,25.745000000000005,1.1564516129032256,0.2499408284023667,3,3,3,3,3,3,3,23.6833333333333,98.29838709677418,7.748165680473368,36.642394366197195,3414.46,205.96000000000004,561.91,4348.7022804767785
none,17,18,2,0.5889333333333333,413.43,16.590000000000003,0.2062921348314601,26.85499999999999,0.9683333333333336,0.2437647058823531,3,3,3,3,3,3,3,41.22533333333333,82.30833333333335,7.556705882352946,13.821573033707827,1924.4400000000005,214.83999999999992,413.43,2697.621945582728
none,17,18,4,0.5018666666666673,335.59,15.320000000000022,0.3597222222222225,15.026666666666642,0.8081818181818186,0.2093922651933697,3,3,3,3,3,3,3,35.13066666666671,68.69545454545458,6.491160220994461,24.101388888888906,1777.1200000000026,120.21333333333314,335.59,2367.3420036553402
none,17,18,8,0.6114864864864868,305.41,15.630000000000024,0.4005932203389832,13.697500000000003,0.6834374999999993,0.2605464480874317,3,3,3,3,3,3,3,42.80405405405408,58.09218749999994,8.076939890710383,26.839745762711875,1813.0800000000027,109.58000000000003,305.41,2363.8829272074786
none,17,18,16,0.6682432432432437,330.1,15.836666666666645,0.4789999999999992,16.502499999999984,0.921884057971014,0.3125966850828732,3,3,3,3,3,3,3,46.77702702702706,78.3601449275362,9.690497237569069,32.09299999999995,1837.0533333333308,132.01999999999987,330.1,2466.0940025254627
none,17,18,32,0.4428000000000009,337.30000000000007,13.374999999999986,0.4908870967741934,16.47500000000001,0.8104225352112682,0.3139779005524858,3,3,3,3,3,3,3,30.996000000000063,68.88591549295779,9.73331491712706,32.889435483870955,1551.4999999999984,131.80000000000007,337.30000000000007,2163.1046658939545
none,17,20,1,0.6820253164556949,641.79,27.474999999999994,0.5140322580645167,27.370000000000005,1.851785714285711,0.1287769784172661,3,3,3,3,3,3,3,47.741772151898644,157.40178571428544,3.992086330935249,34.44016129032262,3187.0999999999995,218.96000000000004,641.79,4291.425805487441
none,17,20,2,0.5937313432835829,471.15,19.330000000000013,0.4625000000000003,18.93500000000003,1.127179487179486,0.2224342105263157,3,3,3,3,3,3,3,41.5611940298508,95.81025641025632,6.895460526315787,30.98750000000002,2242.2800000000016,151.48000000000025,471.15,3040.1644109664244
none,17,20,4,0.5272058823529404,369.21,20.336666666666645,0.4712244897959179,20.210000000000008,1.136530612244897,0.2470253164556961,3,3,3,3,3,3,3,36.90441176470583,96.60510204081625,7.657784810126579,31.5720408163265,2359.0533333333306,161.68000000000006,369.21,3062.682672765306
none,17,20,8,0.5953731343283586,348.91,17.163333333333327,0.3676635514018693,10.640000000000017,0.6677966101694928,0.3095625000000002,3,3,3,3,3,3,3,41.6761194029851,56.76271186440688,9.596437500000006,24.633457943925244,1990.9466666666658,85.12000000000013,348.91,2557.645393377983
none,17,20,16,0.8846969696969698,383.74,14.636666666666656,0.6725471698113212,17.77000000000001,0.9411666666666658,0.3182500000000003,3,3,3,3,3,3,3,61.92878787878789,79.9991666666666,9.86575000000001,45.06066037735852,1697.853333333332,142.16000000000008,383.74,2420.6076982561453
none,17,20,32,0.7671212121212125,378.9200000000001,16.339999999999975,0.5590566037735849,17.69999999999999,0.7682539682539673,0.3783647798742136,3,3,3,3,3,3,3,53.69848484848488,65.30158730158722,11.72930817610062,37.456792452830186,1895.439999999997,141.5999999999999,378.9200000000001,2584.146172779
