security_standard_level,n,depth,num_threads,CKKS_Add,CKKS_Mult,CKKS_Mult_Plaintext,CKKS_Rotate,CKKS_Add_count,CKKS_Mult_count,CKKS_Mult_Plaintext_count,CKKS_Rotate_count,CKKS_Add_contribution,CKKS_Rotate_contribution,CKKS_Mult_contribution,CKKS_Mult_Plaintext_contribution,estimated_Time
none,13,10,1,6.810384259508552e-05,0.010750820330969232,0.00029712651247806664,0.010179699999999967,3,3,3,3,0.012122483981925223,1.9646820999999937,0.17201312529550772,0.009508048399298133,2.1583257576767245
none,13,10,2,0.000251442052661,0.0079532047784391,0.0005353790695362333,0.007267415458937133,3,3,3,3,0.044756685373658005,1.4026111835748667,0.1272512764550256,0.017132130225159466,1.5917512756287098
none,13,10,4,0.0002332214807342,0.005641107823553833,0.0003975806509109,0.005018743535518567,3,3,3,3,0.041513423570687595,0.9686175023550835,0.09025772517686133,0.0127225808291488,1.1131112319317813
none,13,10,8,0.00022714863461286667,0.0054959974104841665,0.00031490284397646666,0.0048916450390300665,3,3,3,3,0.04043245696109027,0.9440874925328029,0.08793595856774666,0.010076891007246933,1.0825327990688867
none,13,10,16,0.00022444828767950002,0.0054745265801626,0.0002442523487226333,0.004870475470180767,3,3,3,3,0.039951795206951,0.9400017657448879,0.0875924252826016,0.007816075159124266,1.0753620613935648
none,13,10,32,0.00022682129133643335,0.005442379861273434,0.0002232880405608,0.004968410256410201,3,3,3,3,0.040374189857885136,0.9589031794871687,0.08707807778037495,0.0071452172979456,1.0935006644233745
none,13,12,1,7.978767548675373e-05,0.012891025641025601,0.0004094633541992,0.0123525751064653,3,3,3,3,0.014202206236642164,2.384046995547803,0.20625641025640962,0.0131028273343744,2.617608439375229
none,13,12,2,0.0002254648498435503,0.0100782098039215,0.0006399729364233666,0.009289024242424166,3,3,3,3,0.04013274327215195,1.7927816787878639,0.161251356862744,0.020479133965547732,2.0146449128883077
none,13,12,4,0.0002630146043536,0.0073016574189095325,0.0003843167175805,0.006505133200133167,3,3,3,3,0.0468165995749408,1.2554907076257011,0.11682651870255252,0.012298134962576,1.4314319608657704
none,13,12,8,0.0002679587588851667,0.006431760344955201,0.00036255555734756667,0.005719158670664633,3,3,3,3,0.04769665908155967,1.1037976234382743,0.10290816551928321,0.011601777835122134,1.2660042258742392
none,13,12,16,0.0002763437802061667,0.0067393289489489005,0.0002839549143259,0.0058380079240682335,3,3,3,3,0.049189192876697665,1.126735529345169,0.10782926318318241,0.0090865572584288,1.292840542663478
none,13,12,32,0.0002669037004206333,0.0067413279990516,0.00027244266419636665,0.005826743295019101,3,3,3,3,0.04750885867487273,1.1245614559386865,0.1078612479848256,0.008718165254283733,1.2886497278526685
none,13,14,1,9.099626452683695e-05,0.014741945938375266,0.00048722351347643336,0.013853440084821601,3,3,3,3,0.016197335085776976,2.673713936370569,0.23587113501400425,0.015591152431245868,2.941373558901596
none,13,14,2,0.00034493533215296663,0.010882425531914833,0.0007591280645014,0.0099567516339869,3,3,3,3,0.06139848912322806,1.9216530653594714,0.17411880851063732,0.0242920980640448,2.1814624610573814
none,13,14,4,0.0003583400603645,0.0078094289466320325,0.0005572653209882333,0.006896141120572567,3,3,3,3,0.063784530744881,1.3309552362705055,0.12495086314611252,0.017832490271623466,1.5375231204331223
none,13,14,8,0.0003180586562761667,0.006739005795795766,0.0003706175667430667,0.0060496434549429,3,3,3,3,0.05661444081715767,1.1675811868039796,0.10782409273273226,0.011859762135778135,1.3438794824896476
none,13,14,16,0.0003161980658223,0.007122747619047566,0.0002763427905331333,0.006465436490978134,3,3,3,3,0.0562832557163694,1.2478292427587798,0.11396396190476106,0.008842969297060266,1.4269194296769705
none,13,14,32,0.0003135393893621667,0.0072849474849094,0.00031791044973536665,0.0061046245736187,3,3,3,3,0.05581001130646567,1.178192542708409,0.1165591597585504,0.010173134391531733,1.3607348481649568
none,13,16,1,0.00010189105665506667,0.0175938505747126,0.0005512615004956667,0.016176459677419302,3,3,3,3,0.018136608084601866,3.122056717741925,0.2815016091954016,0.017640368015861333,3.4393353030377902
none,13,16,2,0.00039451251242166664,0.012744541666666666,0.0008541277975157,0.011311014814814765,3,3,3,3,0.07022322721105666,2.1830258592592497,0.20391266666666666,0.0273320895205024,2.4844938426574754
none,13,16,4,0.00034574706762553336,0.009814454316979268,0.0005744812023284334,0.0082972857394676,3,3,3,3,0.06154297803734494,1.6013761477172468,0.15703126907166828,0.018383398474509868,1.8383337933007697
none,13,16,8,0.0003495161751246,0.008034343915343899,0.00039088862950986664,0.006757429481695067,3,3,3,3,0.0622138791721788,1.304183889967148,0.12854950264550238,0.012508436144315732,1.507455707929145
none,13,16,16,0.00035528445247983337,0.008618575438596433,0.0003466600567220333,0.0075997828973074335,3,3,3,3,0.06324063254141034,1.4667580991803346,0.13789720701754293,0.011093121815105066,1.678989060554393
none,13,16,32,0.0003863136210734,0.009196655411255366,0.00034595667854130004,0.007965348958333333,3,3,3,3,0.06876382455106521,1.5373123489583334,0.14714648658008586,0.011070613713321601,1.7642932738028059
none,13,18,1,0.00011529795240343333,0.019139715574548865,0.0006201341708125333,0.018228557471264336,3,3,3,3,0.020523035527811134,3.5181115919540167,0.30623544919278184,0.019844293466001067,3.864714370140611
none,13,18,2,0.0004587872062517,0.013806372622622598,0.0010383378582201667,0.012762225,3,3,3,3,0.0816641227128026,2.463109425,0.22090196196196157,0.03322681146304533,2.7989023211378092
none,13,18,4,0.0004026755624729333,0.010360633986928066,0.0006894097427130666,0.0089727336156483,3,3,3,3,0.07167625012018213,1.7317375878201218,0.16577014379084906,0.02206111176681813,1.991245093497971
none,13,18,8,0.0003487916069179334,0.008493083544076734,0.0005180841585497334,0.007249859468576134,3,3,3,3,0.06208490603139214,1.3992228774351938,0.13588933670522774,0.016578693073591468,1.6137758132454052
none,13,18,16,0.00041353655089026666,0.009042352170198166,0.0004440040372577,0.0077363087801087345,3,3,3,3,0.07360950605846747,1.4931075945609857,0.14467763472317066,0.0142081291922464,1.7256028645348702
none,13,18,32,0.00048008992510106666,0.009772593137254867,0.0004450141503468667,0.0086985367231638,3,3,3,3,0.08545600666798987,1.6788175875706133,0.15636149019607787,0.014240452811099735,1.9348755372457809
none,13,20,1,0.00012727332177036666,0.021076499999999932,0.0006820681377445333,0.020112858974358935,3,3,3,3,0.022654651275125264,3.8817817820512746,0.3372239999999989,0.021826180407825066,4.263486613734224
none,13,20,2,0.0004873600278155667,0.0153047923351158,0.0011797724242424,0.013622783783783766,3,3,3,3,0.08675008495117087,2.629197270270267,0.2448766773618528,0.0377527175757568,2.9985767501590477
none,13,20,4,0.0004029115977817,0.011392485507246334,0.0007378865292504,0.009261722783389367,3,3,3,3,0.0717182644051426,1.7875124971941478,0.18227976811594135,0.0236123689360128,2.0651228986512447
none,13,20,8,0.0004421623739404,0.009223279004328967,0.0005452376407942333,0.007825617829739633,3,3,3,3,0.07870490256139119,1.5103442411397492,0.14757246406926347,0.017447604505415465,1.7540692122758195
none,13,20,16,0.00045297661442003336,0.009720344308792666,0.0003795129813912667,0.008333099418297166,3,3,3,3,0.08062983736676593,1.608288187731353,0.15552550894068265,0.012144415404520534,1.8565879494433222
none,13,20,32,0.00047683467473856665,0.010916562777949,0.00045933836860669996,0.009223001372212632,3,3,3,3,0.08487657210346486,1.780039264837038,0.174665004447184,0.014698827795414399,2.054279669183101
none,14,10,1,0.00013346372601323334,0.023460257575757565,0.0008580694243926334,0.021849268719806702,3,3,3,3,0.023756543230355535,4.216908862922693,0.37536412121212104,0.027458221580564268,4.643487748945733
none,14,10,2,0.0002495251706237,0.016706599999999933,0.0011379645802187333,0.01609220454545453,3,3,3,3,0.044415480371018605,3.1057954772727245,0.2673055999999989,0.036414866566999465,3.4539314242107415
none,14,10,4,0.00044424771520440003,0.011682892580287867,0.0007663025352459668,0.0101502511337868,3,3,3,3,0.07907609330638321,1.9589984688208524,0.18692628128460587,0.024521681127870936,2.2495225245397124
none,14,10,8,0.00044989713171969997,0.011252656843800266,0.0006323484071262,0.009772389391654066,3,3,3,3,0.0800816894461066,1.8860711525892349,0.18004250950080425,0.0202351490280384,2.166430500564184
none,14,10,16,0.00043185243889033335,0.011391489049919434,0.0005095222056231333,0.009477834963894633,3,3,3,3,0.07686973412247934,1.8292221480316642,0.18226382479871095,0.016304710579940266,2.1046604175327945
none,14,10,32,0.0004546767832541,0.011229098057354234,0.00047667556198186667,0.009551872386174234,3,3,3,3,0.0809324674192298,1.8435113705316273,0.17966556891766775,0.015253617983419733,2.119363024851945
none,14,12,1,0.0001592802455336,0.02943175925925923,0.0007934553338493,0.026959070175438568,3,3,3,3,0.0283518837049808,5.203100543859644,0.4709081481481477,0.0253905706831776,5.72775114639595
none,14,12,2,0.0004816180348837667,0.02103312499999993,0.0013037903323998002,0.019589385090218365,3,3,3,3,0.08572801020931047,3.7807513224121445,0.3365299999999989,0.041721290636793605,4.244730623258247
none,14,12,4,0.0005295224288928333,0.0172482051301189,0.0008442272075207333,0.013556916166166099,3,3,3,3,0.09425499234292432,2.616484820070057,0.2759712820819024,0.027015270640663464,3.0137263651355473
none,14,12,8,0.0005676161216621333,0.013420226173541902,0.0006873514936860335,0.011508310253699734,3,3,3,3,0.10103566965585974,2.2211038789640485,0.21472361877667043,0.02199524779795307,2.558858415194532
none,14,12,16,0.0005460608552979334,0.013740202228544267,0.0005288667426387333,0.011654962121212066,3,3,3,3,0.09719883224303215,2.2494076893939288,0.21984323565670827,0.016923735764439465,2.5833734930581085
none,14,12,32,0.0005324808276586001,0.0132373333333333,0.0005899240954693333,0.0117954686398872,3,3,3,3,0.09478158732323082,2.2765254474982295,0.2117973333333328,0.018877571055018666,2.6019819392098116
none,14,14,1,0.0001883758539356,0.0315627291666666,0.0010623200077699666,0.030608490196078367,3,3,3,3,0.0335309020005368,5.907438607843125,0.5050036666666656,0.03399424024863893,6.479967416758966
none,14,14,2,0.0006871097393689334,0.0232900757575757,0.0015072335739235668,0.0220320006038647,3,3,3,3,0.12230553360767014,4.252176116545887,0.3726412121212112,0.04823147436555414,4.795354336640322
none,14,14,4,0.0006274029747643668,0.0167192444444444,0.0010665524567247666,0.01575130362448003,3,3,3,3,0.11167772950805728,3.040001599524646,0.2675079111111104,0.03412967861519253,3.4533169187590063
none,14,14,8,0.0005925772823424,0.015297692589763134,0.0007328708833154999,0.012243666705381268,3,3,3,3,0.10547875625694719,2.3630276741385847,0.24476308143621014,0.023451868266095997,2.736721380097838
none,14,14,16,0.0006355440861543334,0.015069951803751735,0.0006893660058722,0.012569920838682034,3,3,3,3,0.11312684733547135,2.4259947218656324,0.24111922886002776,0.0220597121879104,2.802300510249042
none,14,14,32,0.0006457614153260999,0.015512725490196033,0.0006032622969712333,0.012392283130081267,3,3,3,3,0.11494553192804578,2.3917106441056846,0.24820360784313653,0.019304393503079467,2.774164177379946
none,14,16,1,0.00021857807420076669,0.03764745238095233,0.0012725991381391333,0.03515097777777773,3,3,3,3,0.03890689720773647,6.784138711111102,0.6023592380952373,0.040723172420452265,7.466128018834528
none,14,16,2,0.0007821645181109333,0.027273298245614,0.0019584135338345334,0.024162365079365034,3,3,3,3,0.13922528422374614,4.663336460317452,0.436372771929824,0.06266923308270507,5.301603749553727
none,14,16,4,0.0006942812596651667,0.021648166111111034,0.0012579205197410669,0.0179332754515599,3,3,3,3,0.12358206422039968,3.4611221621510606,0.34637065777777654,0.04025345663171414,3.9713283407809508
none,14,16,8,0.0006700472882550666,0.01693901111111103,0.0007228798709692,0.014694082836082768,3,3,3,3,0.11926841730940187,2.835957987363974,0.2710241777777765,0.0231321558710144,3.249382738322167
none,14,16,16,0.0005612770498708,0.017308844444444398,0.0006744739737258001,0.015099468154761833,3,3,3,3,0.0999073148770024,2.914197353869034,0.27694151111111037,0.021583167159225602,3.312629347016372
none,14,16,32,0.0007052307905087,0.01756149548440063,0.0007035503397826667,0.0148630297088532,3,3,3,3,0.1255310807105486,2.8685647338086677,0.2809839277504101,0.022513610873045334,3.297593353142672
none,14,18,1,0.00025634696267866667,0.041790844017093966,0.0012598483704768333,0.039145666666666634,3,3,3,3,0.04562975935680267,7.55511366666666,0.6686535042735035,0.040315147855258665,8.309712078152224
none,14,18,2,0.0006651015310915999,0.028930119825707996,0.0019365235209772332,0.028547417153996068,3,3,3,3,0.11838807253430479,5.509651510721241,0.46288191721132793,0.061968752671271464,6.152890253138145
none,14,18,4,0.0007909993899525,0.022082249999999966,0.0012805844024678,0.018956771604938232,3,3,3,3,0.140797891411545,3.6586569197530787,0.35331599999999946,0.0409787008789696,4.193749512043593
none,14,18,8,0.0008045742455232,0.0186386071428571,0.0010259184549355667,0.016012334911616133,3,3,3,3,0.14321421570312962,3.0903806379419136,0.2982177142857136,0.03282939055793813,3.5646419584886946
none,14,18,16,0.0008413056345777667,0.019218807881773336,0.0007828174896901,0.016188479166666634,3,3,3,3,0.1497524029548425,3.1243764791666604,0.3075009261083734,0.0250501596700832,3.6066799678999595
none,14,18,32,0.0007895019594501666,0.019079874643874565,0.0009326013369111,0.016147860215053735,3,3,3,3,0.14053134878212967,3.116537021505371,0.30527799430199304,0.0298432427811552,3.5921896073706487
none,14,20,1,0.00028089775696326665,0.046064573232323165,0.0017280431665886668,0.043102194444444436,3,3,3,3,0.04999980073946146,8.318723527777776,0.7370331717171706,0.055297381330837336,9.161053881565245
none,14,20,2,0.0010049204239823333,0.0319585833333333,0.0024735962453278333,0.030181686274509734,3,3,3,3,0.17887583546885533,5.825065450980379,0.5113373333333328,0.07915507985049067,6.594433699633058
none,14,20,4,0.0008682646090899666,0.023696911255411197,0.0015166787270293,0.020111026666666632,3,3,3,3,0.15455110041801406,3.88142814666666,0.37915058008657915,0.0485337192649376,4.46366354643619
none,14,20,8,0.0008806950132321667,0.020146346153846098,0.0011944654602154333,0.016727940762463266,3,3,3,3,0.15676371235532566,3.2284925671554103,0.32234153846153757,0.038222894726893865,3.7458207126991674
none,14,20,16,0.0010135746682231,0.019307307692307665,0.0009643390391362666,0.01666696953405013,3,3,3,3,0.1804162909437118,3.216725120071675,0.30891692307692264,0.030858849252360532,3.7369171833446706
none,14,20,32,0.0008143997996122001,0.021592263888888834,0.0008090969164911999,0.018528970017636634,3,3,3,3,0.14496316433097162,3.5760912134038705,0.34547622222222135,0.025891101327718397,4.092421701284782
none,15,10,1,0.0003009628865403334,0.048387151515151466,0.0015296251683500999,0.0446207272727272,3,3,3,3,0.05357139380417934,8.61180036363635,0.7741944242424235,0.048948005387203196,9.488514187070157
none,15,10,2,0.0009461478593777,0.037692523809523766,0.0023555612472814336,0.033615844444444404,3,3,3,3,0.1684143189692306,6.48785797777777,0.6030803809523803,0.07537795991300587,7.334730637612386
none,15,10,4,0.0009386463169237,0.02694755,0.0016612633670585665,0.024244088548528702,3,3,3,3,0.16707904441241858,4.6791090898660395,0.4311608,0.05316042774587413,5.3305093620243325
none,15,10,8,0.0008809518991065333,0.024606348484848467,0.0013471843012658666,0.0214903661111111,3,3,3,3,0.15680943804096292,4.147640659444442,0.3937015757575755,0.04310989764050773,4.741261570883489
none,15,10,16,0.0008721778490027999,0.022933833333333264,0.0011475014161219665,0.019408260512820467,3,3,3,3,0.15524765712249838,3.74579427897435,0.36694133333333223,0.03672004531590293,4.304703314746083
none,15,10,32,0.0008918251803072333,0.0228167727272727,0.0010045660213458332,0.020623609743589733,3,3,3,3,0.1587448820946875,3.9803566805128185,0.3650683636363632,0.03214611268306666,4.536316038926935
none,15,12,1,0.00044029340278566666,0.061333888888888834,0.0017180083919535669,0.05806799999999993,3,3,3,3,0.07837222569584866,11.207123999999986,0.9813422222222213,0.05497626854251414,12.32181471646057
none,15,12,2,0.0011611235125847665,0.0467381944444444,0.0024411759467332,0.040352820512820464,3,3,3,3,0.20667998524008843,7.78809435897435,0.7478111111111104,0.0781176302954624,8.82070308562101
none,15,12,4,0.0009333444805257,0.032932354166666566,0.0018125923402720998,0.03033118627450977,3,3,3,3,0.1661353175335746,5.853918950980385,0.5269176666666651,0.058002954888707194,6.6049748900693315
none,15,12,8,0.0010481923972470667,0.028441388888888836,0.0014155002482895333,0.025962823809523767,3,3,3,3,0.18657824670997789,5.010824995238087,0.45506222222222137,0.04529600794526507,5.697761472115551
none,15,12,16,0.0009738222958429666,0.028903925925925864,0.0011749910926883334,0.024126746031746,3,3,3,3,0.17334036866004807,4.656461984126977,0.4624628148148138,0.03759971496602667,5.3298648825678665
none,15,12,32,0.0009712264708061667,0.027320537037036966,0.0009619196640731001,0.024708968253968167,3,3,3,3,0.17287831180349766,4.768830873015856,0.43712859259259146,0.030781429250339203,5.409619206662285
none,15,14,1,0.0005370651567826667,0.0649768333333333,0.002738915343915267,0.06896545833333323,3,3,3,3,0.09559759790731467,13.310333458333313,1.0396293333333329,0.08764529100528855,14.533205680579249
none,15,14,2,0.0012656296958562334,0.0518145848484848,0.0029176693388915337,0.04776157828282823,3,3,3,3,0.22528208586240955,9.217984608585848,0.8290333575757568,0.09336541884452908,10.365665470868542
none,15,14,4,0.0011777237519002334,0.0428406837606837,0.0022429407986865333,0.03203874999999997,3,3,3,3,0.20963482783824153,6.183478749999995,0.6854509401709392,0.07177410555796906,7.150338623567144
none,15,14,8,0.0011204815783736333,0.0322517647058823,0.0017038903740138334,0.025242089668615963,3,3,3,3,0.19944572095050672,4.871723306042881,0.5160282352941168,0.05452449196844267,5.641721754255948
none,15,14,16,0.0011688679711235666,0.031375963235294096,0.0014215713551164997,0.028075771929824533,3,3,3,3,0.20805849885999486,5.418623982456134,0.5020154117647055,0.04549028336372799,6.174188176444563
none,15,14,32,0.0012400356070172668,0.031658319852941166,0.0011876501671771666,0.025073323586744595,3,3,3,3,0.2207263380490735,4.8391514522417065,0.5065331176470587,0.03800480534966933,5.604415713287508
none,15,16,1,0.0006760482292995666,0.08237552380952377,0.002946201515151467,0.07676690476190473,3,3,3,3,0.12033658481532285,14.816012619047614,1.3180083809523804,0.09427844848484694,16.348636033300163
none,15,16,2,0.0017446231509047998,0.05328215185185176,0.0039601980676328,0.0526129333333333,3,3,3,3,0.31054292086105434,10.154296133333327,0.8525144296296282,0.1267263381642496,11.444079821988261
none,15,16,4,0.0014986954354234666,0.04418963888888886,0.0030542613192995004,0.0398958974358974,3,3,3,3,0.26676778750537705,7.699908205128199,0.7070342222222218,0.09773636221758401,8.77144657707338
none,15,16,8,0.0015104633886315333,0.0354463666666666,0.0019810860804862335,0.03050580392156857,3,3,3,3,0.2688624831764129,5.8876201568627335,0.5671418666666656,0.06339475457555947,6.787019261281372
none,15,16,16,0.0014050035022646335,0.03713648888888887,0.0017134201094690332,0.0299176078431372,3,3,3,3,0.2500906234031048,5.77409831372548,0.5941838222222219,0.054829443503009063,6.673202202853815
none,15,16,32,0.0011780929236882667,0.0378985539682539,0.0016575962008076666,0.03008427450980387,3,3,3,3,0.20970054041651146,5.806264980392147,0.6063768634920624,0.05304307842584533,6.675385462726566
none,15,18,1,0.0007684113638020667,0.09089149999999997,0.003016734693877533,0.08174805555555557,3,3,3,3,0.13677722275676787,15.777374722222225,1.4542639999999996,0.09653551020408106,17.464951455183073
none,15,18,2,0.001736805245849,0.05997953703703703,0.004395005376344034,0.05736325925925923,3,3,3,3,0.30915133376112197,11.071109037037031,0.9596725925925925,0.14064017204300908,12.480573135433755
none,15,18,4,0.0019088103858498665,0.045838696969696925,0.0037065376344085333,0.04280838461538456,3,3,3,3,0.33976824868127625,8.26201823076922,0.7334191515151508,0.11860920430107307,9.45381483526672
none,15,18,8,0.0016494473023890334,0.0397482564102564,0.0024716866589736997,0.03736159999999997,3,3,3,3,0.29360161982524796,7.210788799999993,0.6359721025641024,0.07909397308715839,8.219456495476502
none,15,18,16,0.0015649569016678666,0.04000173809523807,0.0023251462766868667,0.036028791666666636,3,3,3,3,0.2785623284968803,6.953556791666661,0.6400278095238091,0.07440468085397973,7.94655161054133
none,15,18,32,0.0014803747183851999,0.039808657509157436,0.0019984655501089003,0.03301808055555553,3,3,3,3,0.2635066998725656,6.372489547222218,0.636938520146519,0.06395089760348481,7.336885664844788
none,15,20,1,0.0011128217911197333,0.09461155555555552,0.0037384323232322668,0.09421572222222213,3,3,3,3,0.1980822788193125,18.183634388888873,1.5137848888888883,0.11962983434343254,20.015131390940507
none,15,20,2,0.0019021713313504666,0.06789466666666667,0.005133396720969034,0.06364308333333327,3,3,3,3,0.33858649698038307,12.283115083333321,1.0863146666666668,0.16426869507100908,13.87228494205138
none,15,20,4,0.0019926376099208,0.05029596969696964,0.002830136388508833,0.0452953333333333,3,3,3,3,0.3546894945659024,8.741999333333327,0.8047355151515142,0.09056436443228266,9.991988707483024
none,15,20,8,0.0018880366005061665,0.041736923076923005,0.002446928116752,0.03332961269841267,3,3,3,3,0.33607051489009765,6.432615250793646,0.6677907692307681,0.078301699736064,7.514778234650576
none,15,20,16,0.0017970102891564001,0.04068846153846147,0.0022703187023636,0.036439444444444434,3,3,3,3,0.3198678314698392,7.032812777777775,0.6510153846153836,0.0726501984756352,8.076346192338633
none,15,20,32,0.0017470017942406,0.046308450854700804,0.0026229867684478005,0.04065158888888883,3,3,3,3,0.31096631937482677,7.845756655555545,0.7409352136752129,0.08393557659032962,8.981593765195914
none,16,10,1,0.0010657142315274335,0.11273073333333329,0.0043704227642276,0.10006308888888887,3,3,3,3,0.18969713321188317,19.31217615555555,1.8036917333333327,0.1398535284552832,21.445418550556052
none,16,10,2,0.0019764961877628334,0.07342460714285713,0.003498442005993267,0.06755983333333326,3,3,3,3,0.3518163214217843,13.03904783333332,1.174793714285714,0.11195014419178455,14.677608013232604
none,16,10,4,0.0017350233701625,0.0513719888888888,0.002726114504255733,0.05119048787878786,3,3,3,3,0.30883415988892504,9.879764160606058,0.8219518222222209,0.08723566413618346,11.097785806853388
none,16,10,8,0.0017403848245106997,0.054234833333333336,0.0021981995709304666,0.04850612121212117,3,3,3,3,0.30978849876290454,9.361681393939385,0.8677573333333334,0.07034238626977493,10.609569612305398
none,16,10,16,0.0017111449727691,0.053969099999999964,0.002127218032118633,0.04474072222222217,3,3,3,3,0.3045838051528998,8.634959388888879,0.8635055999999994,0.06807097702779626,9.871119771069575
none,16,10,32,0.0017344514447969665,0.05160022424242424,0.0023248482185576334,0.0426484166666666,3,3,3,3,0.30873235717386005,8.231144416666654,0.8256035878787878,0.07439514299384427,9.439875504713145
none,16,12,1,0.0014035087180532333,0.14163924999999997,0.006010590476190433,0.13194986666666672,3,3,3,3,0.24982455181347554,25.46632426666668,2.2662279999999995,0.19233889523809386,28.174715713718246
none,16,12,2,0.0024128643571115333,0.1100407222222222,0.0036775902632191332,0.09104049999999993,3,3,3,3,0.42948985556585295,17.570816499999985,1.7606515555555553,0.11768288842301226,19.878640799544403
none,16,12,4,0.0021354073886639333,0.07351327777777773,0.0026659306249306003,0.08253890476190473,3,3,3,3,0.38010251518218013,15.930008619047612,1.1762124444444437,0.08530977999777921,17.571633358672017
none,16,12,8,0.0019691721612596666,0.06003454166666663,0.0029726057731597005,0.05986979999999997,3,3,3,3,0.35051264470422067,11.554871399999994,0.960552666666666,0.09512338474111041,12.961060096111993
none,16,12,16,0.0018860328805654332,0.0640854444444444,0.0020224564102563334,0.0555486333333333,3,3,3,3,0.33571385274064713,10.720886233333326,1.0253671111111105,0.06471860512820267,12.146685802313288
none,16,12,32,0.0020145331013399336,0.0563261481481481,0.0018755921411060666,0.05605153333333324,3,3,3,3,0.3585868920385082,10.817945933333315,0.9012183703703696,0.06001894851539413,12.137770144257585
none,16,14,1,0.0018319283546808665,0.15873158333333326,0.005316399999999934,0.1555544166666666,3,3,3,3,0.32608324713319425,30.022002416666655,2.539705333333332,0.17012479999999788,33.05791579713318
none,16,14,2,0.0028866735653235004,0.10440206666666667,0.0047381014492753,0.08472977777777774,3,3,3,3,0.513827894627583,16.352847111111103,1.6704330666666667,0.1516192463768096,18.688727318782163
none,16,14,4,0.002287316215069567,0.08581126190476186,0.0037354272601794,0.08441157142857136,3,3,3,3,0.4071422862823829,16.291433285714273,1.3729801904761898,0.1195336723257408,18.191089434798588
none,16,14,8,0.002016912482832067,0.064994125,0.0033127423611111,0.05322486666666663,3,3,3,3,0.3590104219441079,10.272399266666659,1.039906,0.1060077555555552,11.777323444166322
none,16,14,16,0.002494554336013867,0.06901487499999999,0.0027123264617690667,0.055386766666666636,3,3,3,3,0.4440306718104683,10.68964596666666,1.1042379999999998,0.08679444677661013,12.324709085253739
none,16,14,32,0.00253864943897,0.06087358333333323,0.0021627484939348335,0.05212219999999997,3,3,3,3,0.45187960013666,10.059584599999996,0.9739773333333317,0.06920795180591467,11.554649485275903
none,16,16,1,0.0022300271323190003,0.18910622222222226,0.006517824955908233,0.16098774999999996,3,3,3,3,0.39694482955278204,31.07063574999999,3.025699555555556,0.20857039858906345,34.70185053369739
none,16,16,2,0.0030277426900584005,0.12365899999999992,0.005851035772357666,0.12240639999999997,3,3,3,3,0.5389381988303953,23.624435199999994,1.9785439999999987,0.1872331447154453,26.329150543545833
none,16,16,4,0.0026674817511754332,0.09072977777777776,0.0037366555555555,0.08279214285714277,3,3,3,3,0.4748117517092271,15.978883571428556,1.451676444444444,0.119572977777776,18.024944745360003
none,16,16,8,0.002780303724162467,0.07821576190476187,0.0040743547008546335,0.06328333333333333,3,3,3,3,0.49489406290091914,12.213683333333332,1.25145219047619,0.13037935042734827,14.09040893713779
none,16,16,16,0.0027445023560110668,0.07633265476190466,0.0035265478348666334,0.06394122685185177,3,3,3,3,0.4885214193699699,12.340656782407393,1.2213224761904746,0.11284953071573227,14.16335020868357
none,16,16,32,0.0030720085071065002,0.0745262321428571,0.0031572312642554,0.0618245833333333,3,3,3,3,0.5468175142649571,11.932144583333328,1.1924197142857136,0.1010314004561728,13.77241321234017
none,16,18,1,0.0018731615392063,0.2002852222222222,0.0067381111111110325,0.1971573333333333,3,3,3,3,0.3334227539787214,38.05136533333333,3.204563555555555,0.21561955555555304,41.80497119842316
none,16,18,2,0.0029516665656696335,0.14247616666666654,0.006946130880880833,0.13524283333333328,3,3,3,3,0.5253966486891948,26.101866833333325,2.2796186666666647,0.22227618818818665,29.12915833687737
none,16,18,4,0.003218167277021433,0.09839333333333326,0.0046494727272726665,0.08279349999999996,3,3,3,3,0.5728337753098152,15.979145499999992,1.5742933333333322,0.14878312727272533,18.275055735915867
none,16,18,8,0.0032509881065400335,0.08044042857142857,0.003935452380952334,0.06912841666666664,3,3,3,3,0.578675882964126,13.34178441666666,1.287046857142857,0.12593447619047468,15.333441632964117
none,16,18,16,0.003597722746210634,0.078376619047619,0.003151755274261533,0.06316012499999994,3,3,3,3,0.6403946488254928,12.18990412499999,1.254025904761904,0.10085616877636906,14.185180847363755
none,16,18,32,0.0028906616870422,0.0713369047619047,0.0028954017876970666,0.05945045833333334,3,3,3,3,0.5145377802935116,11.473938458333334,1.1413904761904752,0.09265285720630613,13.222519572023629
none,16,20,1,0.0025516348371512334,0.18346088888888876,0.0069304444444444,0.16635111111111114,3,3,3,3,0.45419100101291954,32.10576444444445,2.93537422222222,0.2217742222222208,35.71710388990182
none,16,20,2,0.0039135090362621,0.13432141666666678,0.004769529411764666,0.1408728333333333,3,3,3,3,0.6966046084546538,27.18845683333333,2.1491426666666684,0.15262494117646933,30.186829049631122
none,16,20,4,0.003482099197099167,0.0936397999999999,0.0064256991836734,0.11571781111111111,3,3,3,3,0.6198136570836518,22.333537544444443,1.4982367999999984,0.2056223738775488,24.65721037540564
none,16,20,8,0.0029528135198134665,0.08991161111111111,0.004195890547263634,0.0694257619047618,3,3,3,3,0.5256008065267971,13.399172047619027,1.4385857777777777,0.13426849751243627,15.497627129436038
none,16,20,16,0.0034387304211468666,0.0914037222222222,0.004873146666666633,0.07254255357142851,3,3,3,3,0.6120940149641423,14.000712839285702,1.4624595555555553,0.15594069333333227,16.231207103138733
none,16,20,32,0.003376138010931333,0.08819005555555541,0.0040923605242566,0.07718571428571426,3,3,3,3,0.6009525659457773,14.896842857142852,1.4110408888888866,0.1309555367762112,17.03979184875373
none,17,10,1,0.0026078161065453665,0.2334846666666666,0.0088467,0.23626944444444442,3,3,3,3,0.46419126696507523,45.600002777777775,3.7357546666666654,0.2830944,50.083043111409516
none,17,10,2,0.004253914786967366,0.1573393055555555,0.008657837634408532,0.15303499999999992,3,3,3,3,0.7571968320801912,29.535754999999984,2.517428888888888,0.27705080430107304,33.08743152527014
none,17,10,4,0.0037803773973092334,0.13351399999999994,0.0069662753623188,0.11293873333333322,3,3,3,3,0.6729071767210435,21.797175533333313,2.136223999999999,0.2229208115942016,24.829227521648555
none,17,10,8,0.003824773176064,0.12065653333333333,0.0057976666666666,0.09790938888888884,3,3,3,3,0.6808096253393919,18.896512055555547,1.9305045333333333,0.1855253333333312,21.693351547561605
none,17,10,16,0.0037486420006851,0.10838420000000008,0.0039482598420337665,0.08923094444444434,3,3,3,3,0.6672582761219478,17.221572277777756,1.7341472000000013,0.12634431494508053,19.749322068844787
none,17,10,32,0.003818133453237367,0.10404926666666665,0.0034430997161544337,0.08587772222222223,3,3,3,3,0.6796277546762514,16.57440038888889,1.6647882666666665,0.11017919091694188,19.028995601148747
none,17,12,1,0.0031648369834486336,0.31242333333333344,0.006886583333333266,0.19348383333333333,3,3,3,3,0.5633409830538568,37.34237983333333,4.998773333333335,0.22037066666666452,43.12486481638719
none,17,12,2,0.0046323363363363,0.20546144444444459,0.007722666666666667,0.18051877777777772,3,3,3,3,0.8245558678678614,34.8401241111111,3.2873831111111134,0.24712533333333334,39.199188423423415
none,17,12,4,0.004843434068595067,0.18054666666666666,0.007019403508771868,0.16398083333333333,3,3,3,3,0.8621312642099219,31.64830083333333,2.8887466666666666,0.22462091228069977,35.62379967649062
none,17,12,8,0.0046096164156704,0.1086944166666667,0.0036660943396225666,0.11845893333333334,3,3,3,3,0.8205117219893313,22.862574133333332,1.7391106666666671,0.11731501886792213,25.539511540857255
none,17,12,16,0.004469743147724334,0.13667131666666668,0.006552622316919133,0.1034631333333334,3,3,3,3,0.7956142802949314,19.968384733333348,2.186741066666667,0.20968391414141227,23.160423994436357
none,17,12,32,0.003640629834779233,0.14731991666666666,0.003888835897435833,0.09785113333333322,3,3,3,3,0.6480321105907034,18.885268733333312,2.3571186666666666,0.12444274871794665,22.01486225930863
none,17,14,1,0.0039533612375208,0.3129174999999999,0.005203288888888801,0.3101823333333334,3,3,3,3,0.7036983002787024,59.865190333333345,5.0066799999999985,0.16650524444444162,65.74207387805649
none,17,14,2,0.006574049645390034,0.21190566666666663,0.0063209957729468,0.22202088888888902,3,3,3,3,1.170180836879426,42.85003155555558,3.390490666666666,0.2022718647342976,47.61297492383597
none,17,14,4,0.0043713267543859,0.20773022222222218,0.007612855291005267,0.14806416666666655,3,3,3,3,0.7780961622806902,28.576384166666646,3.323683555555555,0.24361136931216854,32.92177525381506
none,17,14,8,0.004760646637426834,0.14271924999999996,0.006168163265306066,0.11819733333333331,3,3,3,3,0.8473951014619764,22.81208533333333,2.2835079999999994,0.19738122448979412,26.1403696592851
none,17,14,16,0.0057019376789805,0.14403058333333327,0.0049647285728445,0.1276184,3,3,3,3,1.014944906858529,24.6303512,2.3044893333333323,0.158871314331024,28.108656754522883
none,17,14,32,0.004153621527777701,0.1467225833333333,0.004316792397660766,0.11242086666666651,3,3,3,3,0.7393446319444307,21.697227266666637,2.3475613333333327,0.13813735672514452,24.922270588669544
none,17,16,1,0.005692540218727699,0.3861996666666667,0.013153948717948635,0.3454348333333333,3,3,3,3,1.0132721589335305,66.66892283333333,6.1791946666666675,0.4209263589743563,74.28231601790787
none,17,16,2,0.006439535714285634,0.2812188333333334,0.008873356349206335,0.23386033333333342,3,3,3,3,1.1462373571428428,45.13504433333335,4.499501333333335,0.2839474031746027,51.06473042698413
none,17,16,4,0.005275116853408,0.17202555555555574,0.007632022222222133,0.16396155555555553,3,3,3,3,0.938970799906624,31.644580222222217,2.752408888888892,0.24422471111110824,35.58018462212885
none,17,16,8,0.004384568125854933,0.1618644166666666,0.005310508547008533,0.13307208333333329,3,3,3,3,0.7804531264021781,25.682912083333324,2.5898306666666655,0.16993627350427307,29.22313214990644
none,17,16,16,0.005599118886974799,0.18256308333333318,0.007192841437632067,0.15739999999999987,3,3,3,3,0.9966431618815143,30.378199999999975,2.921009333333331,0.23017092600422615,34.52602342121905
none,17,16,32,0.0067194877038225,0.15513974999999997,0.006799638427463966,0.16157583333333325,3,3,3,3,1.196068811280405,31.18413583333332,2.4822359999999994,0.21758842967884692,35.080029074292575
none,17,18,1,0.004517913618845967,0.4494883333333332,0.011173545454545401,0.38980333333333334,3,3,3,3,0.8041886241545821,75.23204333333334,7.191813333333331,0.35755345454545284,83.5855987453667
none,17,18,2,0.007343198798798766,0.2491760000000001,0.008790407407407332,0.23563533333333334,3,3,3,3,1.3070893861861803,45.47761933333334,3.9868160000000015,0.2812930370370346,51.05281775655656
none,17,18,4,0.006162745555555501,0.21085677777777756,0.012034853174603134,0.18109599999999995,3,3,3,3,1.096968708888879,34.95152799999999,3.373708444444441,0.3851153015873003,39.80732045492061
none,17,18,8,0.006833800900900834,0.15858666666666668,0.006021647619047566,0.14404449999999994,3,3,3,3,1.2164165603603485,27.80058849999999,2.537386666666667,0.1926927238095221,31.747084450836525
none,17,18,16,0.007024975379489033,0.15252480555555567,0.0096644786324786,0.15157374999999987,3,3,3,3,1.250445617549048,29.253733749999974,2.4403968888888907,0.3092633162393152,33.25383957267723
none,17,18,32,0.0053047673330864666,0.14282466666666657,0.0096019255510571,0.14683299999999985,3,3,3,3,0.944248585289391,28.33876899999997,2.285194666666665,0.3072616176338272,31.875473869589854
none,17,20,1,0.0069652250527426005,0.45928749999999985,0.013819599999999833,0.409135,3,3,3,3,1.239810059388183,78.96305500000001,7.348599999999998,0.44222719999999466,87.99369225938818
none,17,20,2,0.007546325041459333,0.29268133333333307,0.012522107843137198,0.23607183333333304,3,3,3,3,1.3432458573797612,45.56186383333328,4.682901333333329,0.40070745098039035,51.98871847502676
none,17,20,4,0.006322475490196033,0.2523642222222226,0.0036502455555555333,0.2082476666666667,3,3,3,3,1.125400637254894,40.19179966666667,4.037827555555562,0.11680785777777707,45.4718357172549
none,17,20,8,0.0078500248756218,0.2083965555555556,0.007141528724747467,0.13186558333333329,3,3,3,3,1.3973044278606803,25.450057583333326,3.33434488888889,0.22852891919191895,30.410235819274817
none,17,20,16,0.008107606060605966,0.1404912222222223,0.007753065608465567,0.14311658333333324,3,3,3,3,1.443153878787862,27.621500583333315,2.2478595555555567,0.24809809947089814,31.56061211714763
none,17,20,32,0.008443797979797933,0.16506222222222217,0.009243814021163968,0.17076483333333334,3,3,3,3,1.5029960404040321,32.957612833333336,2.6409955555555547,0.29580204867724696,37.39740647797017
